레퍼런스 URL,계정명 / 채널명,조회수,주제,콘텐츠 결,최근/성과 기준,잘 먹힌 후킹,영상 방식,장면 구성,자막/폰트/배경,CTA 방식,대본 핵심,시리즈명,시리즈 운영 방식,GPT 프롬프트,프롬프트 예시 입력,제작 체크리스트
https://www.instagram.com/taebaek_saju/reel/DUSiA9ukpB-,@taebaek_saju 사주장인,"5,664,000",시기별 운세 | 2026년 재물운,띠별운세 + 재물/로또운세 + 전환형,"조회수 5,664,000 기준 상위권 / 시리즈 반복 가능",2026년␤💬 댓글에 ”본인 띠“만␤남겨주세요. 입춘부터␤천을귀인을 만나,세로 릴스 12~22초. 첫 화면은 날짜+띠+돈/로또 키워드 3줄. 배경은 실제 거리/하늘/풍경 영상 또는 단색 운세 카드. 2초마다 자막 1문장 전환.,1컷 후킹(0~2초) → 2~4컷 징조/행동 지침 → 마지막 컷 댓글 CTA,"굵은 고딕 42~58px, 흰색/노랑 강조, 검정 반투명 박스. 핵심 단어는 파란색 또는 빨간색 1개만 사용.",댓글 유도 | 저장 유도 | 공유/태그 유도 | 프로필 링크/상담 전환 | 팔로우 유도,"💬 댓글에 ”본인 띠“만 남겨주세요.␤2026년 입춘부터 천을귀인을 만나␤재물 창고가 열리는 주인공에 대해 풀이하여,␤DM으로 은밀히 보내드리겠습니다.␤🙏␤—␤👇어떤 징조냐면👇␤1.␤갑자기 이유 없이 몸이 늘어지고 여기저기 아프다␤2.␤주변 사람들과 자꾸 마찰이 생기거나 인연이 정리된다␤3.␤오랫동안 고민하던 일을 때려치우고 싶은 충동이 강하게 든다␤4.␤잠이 쏟아지거나 반대로 잡생각에 밤을 지새운다␤5.␤환경을 바꾸고 싶어 이사나 이직 정보를 뒤지기 시작한다␤6.␤내 미래에 대해 극도의 불안감과 설렘이 동시에 교차한다␤7.␤물건을 버리거나 청소를 하며 주변을 비우고 싶어진다␤—␤이것은 낡은 운이 나가고 새 운이 오는 교운기입니다.␤2026년 병오년의 불기운이 당신을 지킬 천을귀인을 깨웁니다.␤지금의 아픔은 불운이 아니라 대운을 위한 영혼의…",띠별 재물/로또운,"매일 날짜형, 12지 띠별 로테이션, 주 1회 TOP 순위형으로 묶기","아래 제목을 기준으로 인스타 릴스용 사주 운세 대본을 만들어줘. 제목 문구는 첫 화면 썸네일 문구로 그대로 쓰고, 12~22초 분량으로 작성해. 구조는 1) 첫 문장 후킹 2) 왜 돈운/로또운이 열리는지 사주식 징조 2개 3) 오늘 해야 할 행동 2개 4) 댓글 CTA. 자막은 컷별로 나눠 쓰고, 과장된 확정 표현은 피하면서도 기대감 있게 작성해.",썸네일 문구=2026년 💬 댓글에 ”본인 띠“만 남겨주세요. 입춘부터 천을귀인을 만나 | 주제=시기별 운세 | 2026년 재물운 | CTA=댓글 유도 | 저장 유도 | 공유/태그 유도 | 프로필 링크/상담 전환 | 팔로우 유도 | 길이=20-45초 | 출력=대본만,1) 제목/썸네일 문구 확정␤2) GPT 프롬프트로 컷별 자막 생성␤3) 배경 이미지/영상 생성␤4) 음성 생성␤5) 립싱크 또는 자막형 선택␤6) 9:16 편집␤7) BGM -18~-24 LUFS␤8) 댓글 CTA 고정
https://www.instagram.com/yuhwa.flow/reel/DO3JjjLgW2i,@yuhwa.flow 유화사주,"3,812,000",시기별 운세 | 2025년 쥐띠 소띠 호랑이띠 토끼띠 재물운,띠별운세 + 재물/로또운세 + 연애/재회운 + 비방/개운법 + 순위형 + 전환형,"조회수 3,812,000 기준 상위권 / 시리즈 반복 가능","👇 속 궁합 덕에, 절대␤헤어질 수 없는 궁합 👇",세로 릴스 12~22초. 첫 화면은 날짜+띠+돈/로또 키워드 3줄. 배경은 실제 거리/하늘/풍경 영상 또는 단색 운세 카드. 2초마다 자막 1문장 전환.,1컷 후킹(0~2초) → 2~4컷 징조/행동 지침 → 마지막 컷 댓글 CTA,"굵은 고딕 42~58px, 흰색/노랑 강조, 검정 반투명 박스. 핵심 단어는 파란색 또는 빨간색 1개만 사용.",댓글 유도 | 프로필 링크/상담 전환,"👇 속 궁합 덕에, 절대 헤어질 수 없는 궁합 👇␤속궁합이 잘 맞는다는 건,␤단순한 끌림을 넘어 몸과 마음의 흐름이 서로 교차하며␤에너지가 끊임없이 순환하는 관계라는 뜻이지요.␤특히 2025년 이후 흐름은 ‘진짜 내 사람’에 대한 갈망을 더욱 자극합니다.␤외로운 시대, 관계의 본질은 결국 안정과 몰입인데,␤이 조합들은 단순 연애가 아닌 삶 전체를 묶어내는 기반이 됩니다.␤💬 댓글에 ”당신 띠“만 남겨주시면,␤당신의 속궁합 비밀과␤평생 갈 인연의 사주적 힌트를 DM으로 전해드리겠습니다.␤–␤TOP.10␤1위.␤말띠/1990년생 + 개띠/1994년생␤2위.␤용띠/1988년생 + 원숭이띠/1992년생␤3위.␤돼지띠/1995년생 + 토끼띠/1999년생␤4위.␤소띠/1985년생 + 뱀띠/1989년생␤5위.␤용띠/2000년생 + 원숭이띠/2004년생…",띠별 재물/로또운,"매일 날짜형, 12지 띠별 로테이션, 주 1회 TOP 순위형으로 묶기","아래 제목을 기준으로 인스타 릴스용 사주 운세 대본을 만들어줘. 제목 문구는 첫 화면 썸네일 문구로 그대로 쓰고, 12~22초 분량으로 작성해. 구조는 1) 첫 문장 후킹 2) 왜 돈운/로또운이 열리는지 사주식 징조 2개 3) 오늘 해야 할 행동 2개 4) 댓글 CTA. 자막은 컷별로 나눠 쓰고, 과장된 확정 표현은 피하면서도 기대감 있게 작성해.","썸네일 문구=👇 속 궁합 덕에, 절대 헤어질 수 없는 궁합 👇 | 주제=시기별 운세 | 2025년 쥐띠 소띠 호랑이띠 토끼띠 재물운 | CTA=댓글 유도 | 프로필 링크/상담 전환 | 길이=20-45초 | 출력=대본만",1) 제목/썸네일 문구 확정␤2) GPT 프롬프트로 컷별 자막 생성␤3) 배경 이미지/영상 생성␤4) 음성 생성␤5) 립싱크 또는 자막형 선택␤6) 9:16 편집␤7) BGM -18~-24 LUFS␤8) 댓글 CTA 고정
https://www.instagram.com/fate_mate_peek/reel/DKlfccNPBiH,@fate_mate_peek 궁궁해,"3,701,000",사주/운세 | 띠운세,띠별운세 + 순위형,"조회수 3,701,000 기준 상위권 / 시리즈 반복 가능",자식 덕분에 말년에 호강하는␤띠는?,12~25초 순위 카드형. 썸네일은 TOP10/TOP5 대형 텍스트. 화면은 고정 카드 또는 슬라이드 5~10장.,순위 제목 → 하위권 빠르게 → TOP3 강조 → 1위 반전 → 저장 CTA,"제목 54~64px, 순위 숫자 34~44px, 띠 이름은 아이콘+굵은 텍스트. 배경은 밝은 종이/카드 톤.",직접 CTA 없음 / 시청 지속 유도,자식 덕분에 말년에 호강하는 띠는?,띠별 운세/순위,"자식 덕 보는 띠, 말년에 호강하는 띠, 귀인 오는 띠, 2026년 대박띠","아래 주제로 인스타 릴스 순위형 대본을 만들어줘. 12지 띠를 활용하고 TOP10 또는 TOP5 형식으로 구성해. 각 순위는 짧은 이유 1문장만 붙이고, 1~3위는 조금 더 강하게 설명해. 썸네일 문구, 컷별 자막, 마지막 댓글 CTA까지 작성해.",썸네일 문구=자식 덕분에 말년에 호강하는 띠는? | 주제=사주/운세 | 띠운세 | CTA=직접 CTA 없음 / 시청 지속 유도 | 길이=20-45초 | 출력=대본만,1) 제목/썸네일 문구 확정␤2) GPT 프롬프트로 컷별 자막 생성␤3) 배경 이미지/영상 생성␤4) 음성 생성␤5) 립싱크 또는 자막형 선택␤6) 9:16 편집␤7) BGM -18~-24 LUFS␤8) 댓글 CTA 고정
https://www.instagram.com/fate_mate_peek/reel/DKmMKELvLVE,@fate_mate_peek 궁궁해,"2,771,000",사주/운세 | 연애/재회운,띠별운세 + 연애/재회운,"조회수 2,771,000 기준 상위권 / 시리즈 반복 가능",천생연분 부모자식 띠 궁합,20~35초. 감성 배경 또는 연인/거리/비 오는 창가 이미지. 첫 컷은 '절대 헤어질 수 없는 궁합 TOP'처럼 관계 후킹.,관계 후킹 → 띠/조건 공개 → 왜 끌리는지 → 주의점 → 댓글로 내 띠 유도,"흰색 굵은 고딕 38~52px, 검정/흰색 라운드 박스, 감정 단어만 빨강/분홍 강조.",직접 CTA 없음 / 시청 지속 유도,실제 대본 미수집␤공개 캡션/본문에 본문 대사가 없어 원본 영상 확인이 필요합니다.,띠별 연애/재회운,"띠별 찰떡궁합, 헤어진 뒤 연락 오는 띠, 6월 재회운 TOP, 월별 인연운","아래 썸네일 문구를 기준으로 인스타 릴스용 연애/재회운 대본을 만들어줘. 사주/띠/궁합 관점으로 풀되, 20~35초 안에 들어가게 컷별 자막을 작성해. 구조는 1) 강한 관계 후킹 2) 해당 띠/조건 3) 끌리는 이유 4) 조심할 포인트 5) 댓글 CTA. 마지막은 '내 띠 남기면 다음 편에 봐드릴게요' 식으로 끝내.",썸네일 문구=천생연분 부모자식 띠 궁합 | 주제=사주/운세 | 연애/재회운 | CTA=직접 CTA 없음 / 시청 지속 유도 | 길이=20-45초 | 출력=대본만,1) 제목/썸네일 문구 확정␤2) GPT 프롬프트로 컷별 자막 생성␤3) 배경 이미지/영상 생성␤4) 음성 생성␤5) 립싱크 또는 자막형 선택␤6) 9:16 편집␤7) BGM -18~-24 LUFS␤8) 댓글 CTA 고정
https://www.instagram.com/yuhwa.flow/reel/DWf8FL1k4cv,@yuhwa.flow␤유화사주 | 사주 • 연애 • 결혼 • 직업 • 재물 • 건강,"2,669,000",시기별 운세 | 2026년 쥐띠 양띠 원숭이띠 닭띠 재물운,띠별운세 + 재물/로또운세 + 전환형,"조회수 2,669,000 기준 상위권 / 시리즈 반복 가능","2026년␤💬 댓글에 ""본인 띠""만␤남겨주세요. 끊어내야만 하는␤것들에 대해",세로 릴스 12~22초. 첫 화면은 날짜+띠+돈/로또 키워드 3줄. 배경은 실제 거리/하늘/풍경 영상 또는 단색 운세 카드. 2초마다 자막 1문장 전환.,1컷 후킹(0~2초) → 2~4컷 징조/행동 지침 → 마지막 컷 댓글 CTA,"굵은 고딕 42~58px, 흰색/노랑 강조, 검정 반투명 박스. 핵심 단어는 파란색 또는 빨간색 1개만 사용.",댓글 유도 | 저장 유도 | 공유/태그 유도 | 프로필 링크/상담 전환 | 팔로우 유도,"💬 댓글에 ""본인 띠""만 남겨주세요.␤2026년 끊어내야만 하는 것들에 대해␤풀이하여 은밀하게 보내드리겠습니다.␤🙏␤—␤이런 신호가 있었다면␤👇이미 착한 척이 복을 깎고 있는 겁니다👇␤1.␤올해 들어 남을 도와줬는데 돌아온 건 손해뿐이다␤2.␤양보했더니 오히려 내 자리가 사라졌다␤3.␤참고 배려했는데 상대는 고마운 줄도 모른다␤4.␤돈 빌려줬는데 연락이 끊겼다␤5.␤착하게 굴수록 이상하게 일이 꼬인다␤6.␤거절을 못해서 내 시간과 돈이 새고 있다␤7.␤남 눈치 보다가 올해 기회를 이미 하나 놓쳤다␤—␤👇해당 띠 확인하세요👇␤🐑🐶 양띠 개띠, 겨울 봄생␤(91, 03, 79, 94, 82년생)␤인성운이 들어오는 해.␤일해서 버는 게 아니라␤앉아서 받는 시기.␤당당하게 요구하고␤뻔뻔하게 받으십시오.␤괜한 동정심이 독입니다.␤🐵🐔 원숭이띠 닭띠,…",띠별 재물/로또운,"매일 날짜형, 12지 띠별 로테이션, 주 1회 TOP 순위형으로 묶기","아래 제목을 기준으로 인스타 릴스용 사주 운세 대본을 만들어줘. 제목 문구는 첫 화면 썸네일 문구로 그대로 쓰고, 12~22초 분량으로 작성해. 구조는 1) 첫 문장 후킹 2) 왜 돈운/로또운이 열리는지 사주식 징조 2개 3) 오늘 해야 할 행동 2개 4) 댓글 CTA. 자막은 컷별로 나눠 쓰고, 과장된 확정 표현은 피하면서도 기대감 있게 작성해.","썸네일 문구=2026년 💬 댓글에 ""본인 띠""만 남겨주세요. 끊어내야만 하는 것들에 대해 | 주제=시기별 운세 | 2026년 쥐띠 양띠 원숭이띠 닭띠 재물운 | CTA=댓글 유도 | 저장 유도 | 공유/태그 유도 | 프로필 링크/상담 전환 | 팔로우 유도 | 길이=20-45초 | 출력=대본만",1) 제목/썸네일 문구 확정␤2) GPT 프롬프트로 컷별 자막 생성␤3) 배경 이미지/영상 생성␤4) 음성 생성␤5) 립싱크 또는 자막형 선택␤6) 9:16 편집␤7) BGM -18~-24 LUFS␤8) 댓글 CTA 고정
https://www.instagram.com/fate_mate_peek/reel/DNxBlaQ4t1-,@fate_mate_peek␤궁궁해,"2,438,000",사주/운세 | 재물운,재물/로또운세,"조회수 2,438,000 기준 상위권 / 시리즈 반복 가능",돈이 술술 들어오는 타고난␤부자 손금 2탄,"15~25초. 돈 들어오는 징조, 숫자, 색상, 물건을 빠르게 보여주는 카드형. 배경은 지갑/현관/하늘/금색 카드.",돈운 후킹 → 징조 3개 → 금전 행동 2개 → 저장/댓글 CTA,"노랑/흰색 굵은 고딕, 검정 박스, 숫자는 아주 크게. 화면 전환은 줌인/컷 전환 위주.",직접 CTA 없음 / 시청 지속 유도,돈이 술술 들어오는 타고난 부자 손금 2탄,재물/로또운,"오늘 돈 들어오는 사람, 지갑에 넣으면 좋은 것, 로또 사기 좋은 날, 재물운 막는 행동","아래 문구를 첫 화면 썸네일로 쓰고, 재물운/로또운 릴스 대본을 만들어줘. 사주 운세처럼 들리되 실천 행동을 꼭 넣어. 구성은 후킹 1문장, 돈운 징조 3개, 오늘 피해야 할 행동 1개, 오늘 해야 할 행동 2개, 댓글 CTA로 작성해.",썸네일 문구=돈이 술술 들어오는 타고난 부자 손금 2탄 | 주제=사주/운세 | 재물운 | CTA=직접 CTA 없음 / 시청 지속 유도 | 길이=20-45초 | 출력=대본만,1) 제목/썸네일 문구 확정␤2) GPT 프롬프트로 컷별 자막 생성␤3) 배경 이미지/영상 생성␤4) 음성 생성␤5) 립싱크 또는 자막형 선택␤6) 9:16 편집␤7) BGM -18~-24 LUFS␤8) 댓글 CTA 고정
https://www.instagram.com/fate_mate_peek/reel/DMtdbqBzLU_,@fate_mate_peek␤궁궁해,"2,243,000",사주/운세 | 띠운세,띠별운세 + 순위형,"조회수 2,243,000 기준 상위권 / 시리즈 반복 가능",귀신도 피하는 정말 기가 센␤띠순위,12~25초 순위 카드형. 썸네일은 TOP10/TOP5 대형 텍스트. 화면은 고정 카드 또는 슬라이드 5~10장.,순위 제목 → 하위권 빠르게 → TOP3 강조 → 1위 반전 → 저장 CTA,"제목 54~64px, 순위 숫자 34~44px, 띠 이름은 아이콘+굵은 텍스트. 배경은 밝은 종이/카드 톤.",직접 CTA 없음 / 시청 지속 유도,귀신도 피하는 정말 기가 센 띠순위,띠별 운세/순위,"자식 덕 보는 띠, 말년에 호강하는 띠, 귀인 오는 띠, 2026년 대박띠","아래 주제로 인스타 릴스 순위형 대본을 만들어줘. 12지 띠를 활용하고 TOP10 또는 TOP5 형식으로 구성해. 각 순위는 짧은 이유 1문장만 붙이고, 1~3위는 조금 더 강하게 설명해. 썸네일 문구, 컷별 자막, 마지막 댓글 CTA까지 작성해.",썸네일 문구=귀신도 피하는 정말 기가 센 띠순위 | 주제=사주/운세 | 띠운세 | CTA=직접 CTA 없음 / 시청 지속 유도 | 길이=20-45초 | 출력=대본만,1) 제목/썸네일 문구 확정␤2) GPT 프롬프트로 컷별 자막 생성␤3) 배경 이미지/영상 생성␤4) 음성 생성␤5) 립싱크 또는 자막형 선택␤6) 9:16 편집␤7) BGM -18~-24 LUFS␤8) 댓글 CTA 고정
https://www.instagram.com/wise.saying77/reel/DQ5jRJuCgD3,@wise.saying77␤현인의 명언 | 풍수 운세 사주,"2,144,000",사주/운세 | 재물운,띠별운세 + 재물/로또운세,"조회수 2,144,000 기준 상위권 / 시리즈 반복 가능",대운은 인생의 큰 흐름을␤바꾸는 운의 주기를 말합니다.,세로 릴스 12~22초. 첫 화면은 날짜+띠+돈/로또 키워드 3줄. 배경은 실제 거리/하늘/풍경 영상 또는 단색 운세 카드. 2초마다 자막 1문장 전환.,1컷 후킹(0~2초) → 2~4컷 징조/행동 지침 → 마지막 컷 댓글 CTA,"굵은 고딕 42~58px, 흰색/노랑 강조, 검정 반투명 박스. 핵심 단어는 파란색 또는 빨간색 1개만 사용.",직접 CTA 없음 / 시청 지속 유도,"대운은 인생의 큰 흐름을 바꾸는 운의 주기를 말합니다.␤보통 10년 단위로 바뀌는 인생의 큰 기운을 의미하지요.␤대운이 바뀔 때는 인생의 환경, 기회, 인간관계, 재물의 흐름이 크게 변할 수 있습니다.␤26년에 대운의 흐름이 찾아오는 세띠는, 남은 을사년을 잘 보내시기 바랍니다.",띠별 재물/로또운,"매일 날짜형, 12지 띠별 로테이션, 주 1회 TOP 순위형으로 묶기","아래 제목을 기준으로 인스타 릴스용 사주 운세 대본을 만들어줘. 제목 문구는 첫 화면 썸네일 문구로 그대로 쓰고, 12~22초 분량으로 작성해. 구조는 1) 첫 문장 후킹 2) 왜 돈운/로또운이 열리는지 사주식 징조 2개 3) 오늘 해야 할 행동 2개 4) 댓글 CTA. 자막은 컷별로 나눠 쓰고, 과장된 확정 표현은 피하면서도 기대감 있게 작성해.",썸네일 문구=대운은 인생의 큰 흐름을 바꾸는 운의 주기를 말합니다. | 주제=사주/운세 | 재물운 | CTA=직접 CTA 없음 / 시청 지속 유도 | 길이=20-45초 | 출력=대본만,1) 제목/썸네일 문구 확정␤2) GPT 프롬프트로 컷별 자막 생성␤3) 배경 이미지/영상 생성␤4) 음성 생성␤5) 립싱크 또는 자막형 선택␤6) 9:16 편집␤7) BGM -18~-24 LUFS␤8) 댓글 CTA 고정
https://www.instagram.com/yuhwa.flow/reel/DOlCJrqEy8z,@yuhwa.flow␤유화사주 | 사주 • 연애 • 결혼 • 직업 • 재물 • 건강,"1,873,000",시기별 운세 | 2026년 소띠 토끼띠 말띠 개띠 재물운,띠별운세 + 재물/로또운세 + 경고형 + 전환형,"조회수 1,873,000 기준 상위권 / 시리즈 반복 가능",2026년␤👇 부터 평생 호강할 여자분들␤👇,세로 릴스 12~22초. 첫 화면은 날짜+띠+돈/로또 키워드 3줄. 배경은 실제 거리/하늘/풍경 영상 또는 단색 운세 카드. 2초마다 자막 1문장 전환.,1컷 후킹(0~2초) → 2~4컷 징조/행동 지침 → 마지막 컷 댓글 CTA,"굵은 고딕 42~58px, 흰색/노랑 강조, 검정 반투명 박스. 핵심 단어는 파란색 또는 빨간색 1개만 사용.",댓글 유도 | 저장 유도 | 공유/태그 유도 | 프로필 링크/상담 전환 | 팔로우 유도,"👇 2026년부터 평생 호강할 여자분들 👇␤불(火)의 강한 흐름이 금(金)과 토(土)를 단련하고,␤수(水)와 목(木)의 기운까지 크게 확장되는 시기.␤이 여성분들은 결혼·가정·남편의 성취가␤모두 재물과 호강으로 이어집니다.␤💬 댓글에 ""본인 띠""만 남겨주시면,␤2026년 이후 당신이 어떻게 부와 호강을 누리게 될지␤DM으로 전해드립니다.␤–␤1.␤소띠인데, 경금·무토 일간인 여성␤2.␤돼지띠인데, 계수·을목 일간인 여성␤3.␤말띠인데, 병화·정화 일간인 여성␤4.␤토끼띠인데, 갑목·신금 일간인 여성␤5.␤개띠인데, 기토·임수 일간인 여성␤–␤1위.␤소띠인데, 경금·무토 일간인 여성␤경금·무토의 단단한 기반이 불(火)에 단련되며,␤남편의 성취와 집안의 재산 증식이 평생을 지탱합니다.␤※ [주의점] 시작의 기회를 놓치면 후반의 흐름이 약해질 수…",띠별 재물/로또운,"매일 날짜형, 12지 띠별 로테이션, 주 1회 TOP 순위형으로 묶기","아래 제목을 기준으로 인스타 릴스용 사주 운세 대본을 만들어줘. 제목 문구는 첫 화면 썸네일 문구로 그대로 쓰고, 12~22초 분량으로 작성해. 구조는 1) 첫 문장 후킹 2) 왜 돈운/로또운이 열리는지 사주식 징조 2개 3) 오늘 해야 할 행동 2개 4) 댓글 CTA. 자막은 컷별로 나눠 쓰고, 과장된 확정 표현은 피하면서도 기대감 있게 작성해.",썸네일 문구=2026년 👇 부터 평생 호강할 여자분들 👇 | 주제=시기별 운세 | 2026년 소띠 토끼띠 말띠 개띠 재물운 | CTA=댓글 유도 | 저장 유도 | 공유/태그 유도 | 프로필 링크/상담 전환 | 팔로우 유도 | 길이=20-45초 | 출력=대본만,1) 제목/썸네일 문구 확정␤2) GPT 프롬프트로 컷별 자막 생성␤3) 배경 이미지/영상 생성␤4) 음성 생성␤5) 립싱크 또는 자막형 선택␤6) 9:16 편집␤7) BGM -18~-24 LUFS␤8) 댓글 CTA 고정
https://www.instagram.com/fate_mate_peek/reel/DOLA_USEahH,@fate_mate_peek␤궁궁해,"1,746,000",사주/운세 | 연애/재회운,연애/재회운,"조회수 1,746,000 기준 상위권 / 시리즈 반복 가능",배우자 복이 지지리도 없는␤출생 연도,"25~45초 감성형. 배경은 실사 감성 영상 또는 AI 인물/풍경. 대사는 짧고 여운 있게, BGM은 잔잔하게.",공감 후킹 → 사주 조건/심리 → 상대 반응 → 조언 → DM/댓글 CTA,"작은 흰색 자막 34~44px, 키워드만 굵게. 지나치게 화려한 카드보다 여백 있는 화면.",직접 CTA 없음 / 시청 지속 유도,배우자 복이 지지리도 없는 출생 연도,연애/재회/궁합,"나를 못 잊는 사람 사주, 재회 전조, 오래 가는 궁합, 피해야 할 인연","아래 제목을 기준으로 사주/궁합 관점의 인스타 릴스 대본을 써줘. 25~45초 분량이고, 감정 공감으로 시작해. 사주 조건 3개를 쉽게 풀고, 마지막에는 댓글로 상황을 남기게 유도해. 말투는 단정하지만 따뜻하게.",썸네일 문구=배우자 복이 지지리도 없는 출생 연도 | 주제=사주/운세 | 연애/재회운 | CTA=직접 CTA 없음 / 시청 지속 유도 | 길이=20-45초 | 출력=대본만,1) 제목/썸네일 문구 확정␤2) GPT 프롬프트로 컷별 자막 생성␤3) 배경 이미지/영상 생성␤4) 음성 생성␤5) 립싱크 또는 자막형 선택␤6) 9:16 편집␤7) BGM -18~-24 LUFS␤8) 댓글 CTA 고정
https://www.instagram.com/ys_mind_life/reel/DMnNXT6T3Um,@ys_mind_life␤기막힌운세,"1,715,000",사주/운세 | 운세,캡션 서사형,"조회수 1,715,000 기준 상위권 / 시리즈 반복 가능",3년간 절대 적으로 두면␤안되는 사람들,30~60초 정보형. 깔끔한 카드/화이트보드/상담 화면. 명리 용어는 쉽게 풀고 조건 리스트를 제시.,질문 후킹 → 조건 3~5개 → 쉬운 해석 → 현실 예시 → 댓글 키워드 CTA,"차분한 고딕 34~46px, 조건은 번호 리스트, 어려운 한자는 작게.",직접 CTA 없음 / 시청 지속 유도,3년간 절대 적으로 두면 안되는 사람들,사주 조건/성향 분석,"돈복 있는 사주, 배우자복, 귀인복, 직업운, 사주에 강한 오행","아래 제목을 기준으로 사주 조건 분석형 릴스 대본을 만들어줘. 명리 용어는 나오되 반드시 쉬운 말로 해석해. 조건 3~5개, 현실에서 보이는 특징, 주의점, 댓글 CTA를 포함해 30~60초 분량의 컷별 자막으로 작성해.",썸네일 문구=3년간 절대 적으로 두면 안되는 사람들 | 주제=사주/운세 | 운세 | CTA=직접 CTA 없음 / 시청 지속 유도 | 길이=20-45초 | 출력=대본만,1) 제목/썸네일 문구 확정␤2) GPT 프롬프트로 컷별 자막 생성␤3) 배경 이미지/영상 생성␤4) 음성 생성␤5) 립싱크 또는 자막형 선택␤6) 9:16 편집␤7) BGM -18~-24 LUFS␤8) 댓글 CTA 고정
https://www.instagram.com/wise.saying77/reel/DRymEH9ipWw,@wise.saying77␤현인의 명언 | 풍수 운세 사주,"1,696,000",시기별 운세 | 12월 재물운,띠별운세 + 재물/로또운세 + 비방/개운법,"조회수 1,696,000 기준 상위권 / 시리즈 반복 가능",26년에 대박나는 띠를 무당␤선생님이 호명하셨습니다.,세로 릴스 12~22초. 첫 화면은 날짜+띠+돈/로또 키워드 3줄. 배경은 실제 거리/하늘/풍경 영상 또는 단색 운세 카드. 2초마다 자막 1문장 전환.,1컷 후킹(0~2초) → 2~4컷 징조/행동 지침 → 마지막 컷 댓글 CTA,"굵은 고딕 42~58px, 흰색/노랑 강조, 검정 반투명 박스. 핵심 단어는 파란색 또는 빨간색 1개만 사용.",직접 CTA 없음 / 시청 지속 유도,26년에 대박나는 띠를 무당 선생님이 호명하셨습니다.␤남은 12월을 정말 덕을 쌓고 비방하시면서 잘 보내셔야 해요.,띠별 재물/로또운,"매일 날짜형, 12지 띠별 로테이션, 주 1회 TOP 순위형으로 묶기","아래 제목을 기준으로 인스타 릴스용 사주 운세 대본을 만들어줘. 제목 문구는 첫 화면 썸네일 문구로 그대로 쓰고, 12~22초 분량으로 작성해. 구조는 1) 첫 문장 후킹 2) 왜 돈운/로또운이 열리는지 사주식 징조 2개 3) 오늘 해야 할 행동 2개 4) 댓글 CTA. 자막은 컷별로 나눠 쓰고, 과장된 확정 표현은 피하면서도 기대감 있게 작성해.",썸네일 문구=26년에 대박나는 띠를 무당 선생님이 호명하셨습니다. | 주제=시기별 운세 | 12월 재물운 | CTA=직접 CTA 없음 / 시청 지속 유도 | 길이=20-45초 | 출력=대본만,1) 제목/썸네일 문구 확정␤2) GPT 프롬프트로 컷별 자막 생성␤3) 배경 이미지/영상 생성␤4) 음성 생성␤5) 립싱크 또는 자막형 선택␤6) 9:16 편집␤7) BGM -18~-24 LUFS␤8) 댓글 CTA 고정
https://www.instagram.com/sajunaru/reel/DJSyWeNT8yy,@sajunaru␤사주 신점 타로 운세 • 사주나루,"1,689,000",사주/운세 | 운세,캡션 서사형,"조회수 1,689,000 기준 상위권 / 시리즈 반복 가능",들어오던 복도 나간다는 최악의␤침대 배치 알려드립니다,30~60초 정보형. 깔끔한 카드/화이트보드/상담 화면. 명리 용어는 쉽게 풀고 조건 리스트를 제시.,질문 후킹 → 조건 3~5개 → 쉬운 해석 → 현실 예시 → 댓글 키워드 CTA,"차분한 고딕 34~46px, 조건은 번호 리스트, 어려운 한자는 작게.",직접 CTA 없음 / 시청 지속 유도,들어오던 복도 나간다는␤최악의 침대 배치 알려드립니다␤@@ 이거 확인해봐 ㄱㄱ,사주 조건/성향 분석,"돈복 있는 사주, 배우자복, 귀인복, 직업운, 사주에 강한 오행","아래 제목을 기준으로 사주 조건 분석형 릴스 대본을 만들어줘. 명리 용어는 나오되 반드시 쉬운 말로 해석해. 조건 3~5개, 현실에서 보이는 특징, 주의점, 댓글 CTA를 포함해 30~60초 분량의 컷별 자막으로 작성해.",썸네일 문구=들어오던 복도 나간다는 최악의 침대 배치 알려드립니다 | 주제=사주/운세 | 운세 | CTA=직접 CTA 없음 / 시청 지속 유도 | 길이=20-45초 | 출력=대본만,1) 제목/썸네일 문구 확정␤2) GPT 프롬프트로 컷별 자막 생성␤3) 배경 이미지/영상 생성␤4) 음성 생성␤5) 립싱크 또는 자막형 선택␤6) 9:16 편집␤7) BGM -18~-24 LUFS␤8) 댓글 CTA 고정
https://www.instagram.com/fate_mate_peek/reel/DN11PJY5s2z,@fate_mate_peek␤궁궁해,"1,661,000",사주/운세 | 재물운,재물/로또운세,"조회수 1,661,000 기준 상위권 / 시리즈 반복 가능",손목 주름 갯수로 알아보는␤나의 재물운,"15~25초. 돈 들어오는 징조, 숫자, 색상, 물건을 빠르게 보여주는 카드형. 배경은 지갑/현관/하늘/금색 카드.",돈운 후킹 → 징조 3개 → 금전 행동 2개 → 저장/댓글 CTA,"노랑/흰색 굵은 고딕, 검정 박스, 숫자는 아주 크게. 화면 전환은 줌인/컷 전환 위주.",직접 CTA 없음 / 시청 지속 유도,손목 주름 갯수로 알아보는 나의 재물운,재물/로또운,"오늘 돈 들어오는 사람, 지갑에 넣으면 좋은 것, 로또 사기 좋은 날, 재물운 막는 행동","아래 문구를 첫 화면 썸네일로 쓰고, 재물운/로또운 릴스 대본을 만들어줘. 사주 운세처럼 들리되 실천 행동을 꼭 넣어. 구성은 후킹 1문장, 돈운 징조 3개, 오늘 피해야 할 행동 1개, 오늘 해야 할 행동 2개, 댓글 CTA로 작성해.",썸네일 문구=손목 주름 갯수로 알아보는 나의 재물운 | 주제=사주/운세 | 재물운 | CTA=직접 CTA 없음 / 시청 지속 유도 | 길이=20-45초 | 출력=대본만,1) 제목/썸네일 문구 확정␤2) GPT 프롬프트로 컷별 자막 생성␤3) 배경 이미지/영상 생성␤4) 음성 생성␤5) 립싱크 또는 자막형 선택␤6) 9:16 편집␤7) BGM -18~-24 LUFS␤8) 댓글 CTA 고정
https://www.instagram.com/cheon_unse/reel/DWXV8iSiMP9,@cheon_unse␤청운운세 - 청운당,"1,505,000",사주/운세 | 재물운,재물/로또운세,"조회수 1,505,000 기준 상위권 / 시리즈 반복 가능",천복을 타고난 음력 생일은␤따로 있습니다.,"15~25초. 돈 들어오는 징조, 숫자, 색상, 물건을 빠르게 보여주는 카드형. 배경은 지갑/현관/하늘/금색 카드.",돈운 후킹 → 징조 3개 → 금전 행동 2개 → 저장/댓글 CTA,"노랑/흰색 굵은 고딕, 검정 박스, 숫자는 아주 크게. 화면 전환은 줌인/컷 전환 위주.",댓글 유도,"천복을 타고난 음력 생일은 따로 있습니다.␤사주에서는 태어난 날짜에 따라␤타고난 복의 크기 자체가 다르게 들어온다고 봅니다.␤특정 날짜는␤노력 이상의 결과가 따라붙고␤막힐 듯하다가도 결국 풀리는 흐름을 가집니다.␤이건 단순한 운이 아니라␤애초에 복을 깔고 태어난 구조입니다.␤그래서 인생을 보면␤고비는 있어도 완전히 무너지지 않고␤결국 다시 올라가는 특징이 있습니다.␤이번 영상에 해당된다면␤이미 강한 천복이 들어와 있는 사주입니다.␤점사 확인해 보시고 댓글에 ""천복받아갑니다"" 쓰고 복받아가세요^^",재물/로또운,"오늘 돈 들어오는 사람, 지갑에 넣으면 좋은 것, 로또 사기 좋은 날, 재물운 막는 행동","아래 문구를 첫 화면 썸네일로 쓰고, 재물운/로또운 릴스 대본을 만들어줘. 사주 운세처럼 들리되 실천 행동을 꼭 넣어. 구성은 후킹 1문장, 돈운 징조 3개, 오늘 피해야 할 행동 1개, 오늘 해야 할 행동 2개, 댓글 CTA로 작성해.",썸네일 문구=천복을 타고난 음력 생일은 따로 있습니다. | 주제=사주/운세 | 재물운 | CTA=댓글 유도 | 길이=20-45초 | 출력=대본만,1) 제목/썸네일 문구 확정␤2) GPT 프롬프트로 컷별 자막 생성␤3) 배경 이미지/영상 생성␤4) 음성 생성␤5) 립싱크 또는 자막형 선택␤6) 9:16 편집␤7) BGM -18~-24 LUFS␤8) 댓글 CTA 고정
https://www.instagram.com/cheon_unse/reel/DJCHs0FBKIF,@cheon_unse␤청운운세 - 청운당,"1,489,000",시기별 운세 | 오늘 띠운세,띠별운세,"조회수 1,489,000 기준 상위권 / 시리즈 반복 가능",어머니 표현이␤직접적이시네요.. ㅎㅎ,12~25초 순위 카드형. 썸네일은 TOP10/TOP5 대형 텍스트. 화면은 고정 카드 또는 슬라이드 5~10장.,순위 제목 → 하위권 빠르게 → TOP3 강조 → 1위 반전 → 저장 CTA,"제목 54~64px, 순위 숫자 34~44px, 띠 이름은 아이콘+굵은 텍스트. 배경은 밝은 종이/카드 톤.",팔로우 유도,"어머니 표현이 직접적이시네요..␤ㅎㅎ␤----------------------------␤관상, 명리, 오늘의 운세, 꿈해몽, 미신까지!␤보는 재미도, 풀어보는 재미도 있는 신비한 이야기들␤팔로우하고 매일매일 운세 체크하세요!␤----------------------------␤출처 : 이리오너라",띠별 운세/순위,"자식 덕 보는 띠, 말년에 호강하는 띠, 귀인 오는 띠, 2026년 대박띠","아래 주제로 인스타 릴스 순위형 대본을 만들어줘. 12지 띠를 활용하고 TOP10 또는 TOP5 형식으로 구성해. 각 순위는 짧은 이유 1문장만 붙이고, 1~3위는 조금 더 강하게 설명해. 썸네일 문구, 컷별 자막, 마지막 댓글 CTA까지 작성해.",썸네일 문구=어머니 표현이 직접적이시네요.. ㅎㅎ | 주제=시기별 운세 | 오늘 띠운세 | CTA=팔로우 유도 | 길이=20-45초 | 출력=대본만,1) 제목/썸네일 문구 확정␤2) GPT 프롬프트로 컷별 자막 생성␤3) 배경 이미지/영상 생성␤4) 음성 생성␤5) 립싱크 또는 자막형 선택␤6) 9:16 편집␤7) BGM -18~-24 LUFS␤8) 댓글 CTA 고정
https://www.instagram.com/fate_mate_peek/reel/DQEh7brEefh,@fate_mate_peek␤궁궁해,"1,404,000",사주/운세 | 운세,캡션 서사형,"조회수 1,404,000 기준 상위권 / 시리즈 반복 가능",노안이 심할수록 사슴이 적게␤보인다는데?,30~60초 정보형. 깔끔한 카드/화이트보드/상담 화면. 명리 용어는 쉽게 풀고 조건 리스트를 제시.,질문 후킹 → 조건 3~5개 → 쉬운 해석 → 현실 예시 → 댓글 키워드 CTA,"차분한 고딕 34~46px, 조건은 번호 리스트, 어려운 한자는 작게.",직접 CTA 없음 / 시청 지속 유도,노안이 심할수록 사슴이 적게 보인다는데?,사주 조건/성향 분석,"돈복 있는 사주, 배우자복, 귀인복, 직업운, 사주에 강한 오행","아래 제목을 기준으로 사주 조건 분석형 릴스 대본을 만들어줘. 명리 용어는 나오되 반드시 쉬운 말로 해석해. 조건 3~5개, 현실에서 보이는 특징, 주의점, 댓글 CTA를 포함해 30~60초 분량의 컷별 자막으로 작성해.",썸네일 문구=노안이 심할수록 사슴이 적게 보인다는데? | 주제=사주/운세 | 운세 | CTA=직접 CTA 없음 / 시청 지속 유도 | 길이=20-45초 | 출력=대본만,1) 제목/썸네일 문구 확정␤2) GPT 프롬프트로 컷별 자막 생성␤3) 배경 이미지/영상 생성␤4) 음성 생성␤5) 립싱크 또는 자막형 선택␤6) 9:16 편집␤7) BGM -18~-24 LUFS␤8) 댓글 CTA 고정
https://www.instagram.com/fate_mate_peek/reel/DMhocgBxTK6,@fate_mate_peek␤궁궁해,"1,361,000",사주/운세 | 건강운,띠별운세 + 순위형,"조회수 1,361,000 기준 상위권 / 시리즈 반복 가능",타고난 체질이 약한 건강복␤없는 띠 순위,12~25초 순위 카드형. 썸네일은 TOP10/TOP5 대형 텍스트. 화면은 고정 카드 또는 슬라이드 5~10장.,순위 제목 → 하위권 빠르게 → TOP3 강조 → 1위 반전 → 저장 CTA,"제목 54~64px, 순위 숫자 34~44px, 띠 이름은 아이콘+굵은 텍스트. 배경은 밝은 종이/카드 톤.",직접 CTA 없음 / 시청 지속 유도,타고난 체질이 약한 건강복 없는 띠 순위,띠별 운세/순위,"자식 덕 보는 띠, 말년에 호강하는 띠, 귀인 오는 띠, 2026년 대박띠","아래 주제로 인스타 릴스 순위형 대본을 만들어줘. 12지 띠를 활용하고 TOP10 또는 TOP5 형식으로 구성해. 각 순위는 짧은 이유 1문장만 붙이고, 1~3위는 조금 더 강하게 설명해. 썸네일 문구, 컷별 자막, 마지막 댓글 CTA까지 작성해.",썸네일 문구=타고난 체질이 약한 건강복 없는 띠 순위 | 주제=사주/운세 | 건강운 | CTA=직접 CTA 없음 / 시청 지속 유도 | 길이=20-45초 | 출력=대본만,1) 제목/썸네일 문구 확정␤2) GPT 프롬프트로 컷별 자막 생성␤3) 배경 이미지/영상 생성␤4) 음성 생성␤5) 립싱크 또는 자막형 선택␤6) 9:16 편집␤7) BGM -18~-24 LUFS␤8) 댓글 CTA 고정
https://www.instagram.com/sabo_saju/reel/DW8URLGEbPn,@sabo_saju␤서동인 | 사보사주(사주보이),"1,317,000",사주/운세 | 연애/재회운,연애/재회운,"조회수 1,317,000 기준 상위권 / 시리즈 반복 가능",연애/재회/궁합 레퍼런스,"25~45초 감성형. 배경은 실사 감성 영상 또는 AI 인물/풍경. 대사는 짧고 여운 있게, BGM은 잔잔하게.",공감 후킹 → 사주 조건/심리 → 상대 반응 → 조언 → DM/댓글 CTA,"작은 흰색 자막 34~44px, 키워드만 굵게. 지나치게 화려한 카드보다 여백 있는 화면.",직접 CTA 없음 / 시청 지속 유도,실제 대본 미수집␤공개 캡션/본문에 본문 대사가 없어 원본 영상 확인이 필요합니다.,연애/재회/궁합,"나를 못 잊는 사람 사주, 재회 전조, 오래 가는 궁합, 피해야 할 인연","아래 제목을 기준으로 사주/궁합 관점의 인스타 릴스 대본을 써줘. 25~45초 분량이고, 감정 공감으로 시작해. 사주 조건 3개를 쉽게 풀고, 마지막에는 댓글로 상황을 남기게 유도해. 말투는 단정하지만 따뜻하게.",썸네일 문구=연애/재회/궁합 레퍼런스 | 주제=사주/운세 | 연애/재회운 | CTA=직접 CTA 없음 / 시청 지속 유도 | 길이=20-45초 | 출력=대본만,1) 제목/썸네일 문구 확정␤2) GPT 프롬프트로 컷별 자막 생성␤3) 배경 이미지/영상 생성␤4) 음성 생성␤5) 립싱크 또는 자막형 선택␤6) 9:16 편집␤7) BGM -18~-24 LUFS␤8) 댓글 CTA 고정
https://www.instagram.com/saju.myungdang/reel/DP0x-PykRjX,@saju.myungdang,"1,257,000",사주/운세 | 운세,캡션 서사형,"조회수 1,257,000 기준 상위권 / 시리즈 반복 가능",A열 실제 썸네일 확인:␤@saju.myungdang␤계정 내 조회수 1위,15~30초 생활 팁형. 실제 집/지갑/현관/침대/책상 이미지. 첫 컷은 '이거 있으면 돈운 막힘' 식 경고.,문제 물건/공간 제시 → 왜 막히는지 → 오늘 치울 것 → 대체 행동 → 저장 CTA,"검정/흰색 대비 큰 자막, 체크/금지 아이콘, 배경은 실제 생활 사진.",직접 CTA 없음 / 시청 지속 유도,실제 대본 미수집␤공개 캡션/본문에 본문 대사가 없어 원본 영상 확인이 필요합니다.,풍수/개운법,"현관 풍수, 지갑 풍수, 침대 위치, 돈운 막는 물건, 귀인운 여는 정리","아래 생활 풍수 주제로 인스타 릴스 대본을 만들어줘. 15~30초 분량으로, 첫 문장은 경고형 후킹으로 시작해. 왜 운이 막히는지 쉽게 설명하고 오늘 바로 할 행동 3개를 넣어. 마지막은 저장 CTA로 끝내.",썸네일 문구=A열 실제 썸네일 확인: @saju.myungdang 계정 내 조회수 1위 | 주제=사주/운세 | 운세 | CTA=직접 CTA 없음 / 시청 지속 유도 | 길이=20-45초 | 출력=대본만,1) 제목/썸네일 문구 확정␤2) GPT 프롬프트로 컷별 자막 생성␤3) 배경 이미지/영상 생성␤4) 음성 생성␤5) 립싱크 또는 자막형 선택␤6) 9:16 편집␤7) BGM -18~-24 LUFS␤8) 댓글 CTA 고정
https://www.instagram.com/fate_mate_peek/reel/DMaGrxjRJzU,@fate_mate_peek␤궁궁해,"1,220,000",사주/운세 | 띠운세,띠별운세,"조회수 1,220,000 기준 상위권 / 시리즈 반복 가능",시집가고 후회한 남편복 정말␤없는 띠,12~25초 순위 카드형. 썸네일은 TOP10/TOP5 대형 텍스트. 화면은 고정 카드 또는 슬라이드 5~10장.,순위 제목 → 하위권 빠르게 → TOP3 강조 → 1위 반전 → 저장 CTA,"제목 54~64px, 순위 숫자 34~44px, 띠 이름은 아이콘+굵은 텍스트. 배경은 밝은 종이/카드 톤.",직접 CTA 없음 / 시청 지속 유도,시집가고 후회한 남편복 정말 없는 띠,띠별 운세/순위,"자식 덕 보는 띠, 말년에 호강하는 띠, 귀인 오는 띠, 2026년 대박띠","아래 주제로 인스타 릴스 순위형 대본을 만들어줘. 12지 띠를 활용하고 TOP10 또는 TOP5 형식으로 구성해. 각 순위는 짧은 이유 1문장만 붙이고, 1~3위는 조금 더 강하게 설명해. 썸네일 문구, 컷별 자막, 마지막 댓글 CTA까지 작성해.",썸네일 문구=시집가고 후회한 남편복 정말 없는 띠 | 주제=사주/운세 | 띠운세 | CTA=직접 CTA 없음 / 시청 지속 유도 | 길이=20-45초 | 출력=대본만,1) 제목/썸네일 문구 확정␤2) GPT 프롬프트로 컷별 자막 생성␤3) 배경 이미지/영상 생성␤4) 음성 생성␤5) 립싱크 또는 자막형 선택␤6) 9:16 편집␤7) BGM -18~-24 LUFS␤8) 댓글 CTA 고정
https://www.instagram.com/fate_mate_peek/reel/DLKGkFCP9ki,@fate_mate_peek␤궁궁해,"1,206,000",사주/운세 | 띠운세,띠별운세 + 순위형,"조회수 1,206,000 기준 상위권 / 시리즈 반복 가능",결혼보다 혼자가 더 잘풀리는␤띠 순위,12~25초 순위 카드형. 썸네일은 TOP10/TOP5 대형 텍스트. 화면은 고정 카드 또는 슬라이드 5~10장.,순위 제목 → 하위권 빠르게 → TOP3 강조 → 1위 반전 → 저장 CTA,"제목 54~64px, 순위 숫자 34~44px, 띠 이름은 아이콘+굵은 텍스트. 배경은 밝은 종이/카드 톤.",직접 CTA 없음 / 시청 지속 유도,결혼보다 혼자가 더 잘풀리는 띠 순위,띠별 운세/순위,"자식 덕 보는 띠, 말년에 호강하는 띠, 귀인 오는 띠, 2026년 대박띠","아래 주제로 인스타 릴스 순위형 대본을 만들어줘. 12지 띠를 활용하고 TOP10 또는 TOP5 형식으로 구성해. 각 순위는 짧은 이유 1문장만 붙이고, 1~3위는 조금 더 강하게 설명해. 썸네일 문구, 컷별 자막, 마지막 댓글 CTA까지 작성해.",썸네일 문구=결혼보다 혼자가 더 잘풀리는 띠 순위 | 주제=사주/운세 | 띠운세 | CTA=직접 CTA 없음 / 시청 지속 유도 | 길이=20-45초 | 출력=대본만,1) 제목/썸네일 문구 확정␤2) GPT 프롬프트로 컷별 자막 생성␤3) 배경 이미지/영상 생성␤4) 음성 생성␤5) 립싱크 또는 자막형 선택␤6) 9:16 편집␤7) BGM -18~-24 LUFS␤8) 댓글 CTA 고정
https://www.instagram.com/yuhwa.flow/reel/DNxAS-N5jEM,@yuhwa.flow␤유화사주 | 사주 • 연애 • 결혼 • 직업 • 재물 • 건강,"1,129,000",시기별 운세 | 2025년 9월 호랑이띠 토끼띠 용띠 닭띠 연애/재회운,띠별운세 + 연애/재회운 + 전환형,"조회수 1,129,000 기준 상위권 / 시리즈 반복 가능","곧 남자들이 다가오는 분들👇␤사회적 자리가 열리고,",20~35초. 감성 배경 또는 연인/거리/비 오는 창가 이미지. 첫 컷은 '절대 헤어질 수 없는 궁합 TOP'처럼 관계 후킹.,관계 후킹 → 띠/조건 공개 → 왜 끌리는지 → 주의점 → 댓글로 내 띠 유도,"흰색 굵은 고딕 38~52px, 검정/흰색 라운드 박스, 감정 단어만 빨강/분홍 강조.",댓글 유도 | 저장 유도 | 공유/태그 유도 | 프로필 링크/상담 전환 | 팔로우 유도,"곧 남자들이 다가오는 분들👇␤사회적 자리가 열리고,␤주변에서 자연스럽게 다가오는 이성이 늘어납니다.␤예상치 못한 관심이 쏟아지고,␤새로운 만남의 흐름이 이어지는 시기입니다.␤💬 댓글에 ""본인 띠""를 남겨주시면,␤2025년 9월부터 어떤 인연이 다가올지␤DM으로 은밀히 전해드립니다.␤–␤5위 - [戌] 개띠 1994년생 / 1982년생 / 1970년생␤일상에서 자연스러운 만남이 이어지고,␤진솔한 대화가 깊은 인연으로 발전합니다.␤※ [피해야 할 남자] 자기 고집만 내세우는 사람␤–␤4위 - [酉] 닭띠 1993년생 / 1981년생 / 1969년생␤온라인·네트워크를 통한 인연이 강하게 열리고,␤많은 관심 속에서 진심을 구별하는 지혜가 필요합니다.␤※ [피해야 할 남자] 지나치게 계산적이고 이익만 따지는 사람␤–␤3위 - [辰] 용띠 2000년생…",띠별 연애/재회운,"띠별 찰떡궁합, 헤어진 뒤 연락 오는 띠, 6월 재회운 TOP, 월별 인연운","아래 썸네일 문구를 기준으로 인스타 릴스용 연애/재회운 대본을 만들어줘. 사주/띠/궁합 관점으로 풀되, 20~35초 안에 들어가게 컷별 자막을 작성해. 구조는 1) 강한 관계 후킹 2) 해당 띠/조건 3) 끌리는 이유 4) 조심할 포인트 5) 댓글 CTA. 마지막은 '내 띠 남기면 다음 편에 봐드릴게요' 식으로 끝내.","썸네일 문구=곧 남자들이 다가오는 분들👇 사회적 자리가 열리고, | 주제=시기별 운세 | 2025년 9월 호랑이띠 토끼띠 용띠 닭띠 연애/재회운 | CTA=댓글 유도 | 저장 유도 | 공유/태그 유도 | 프로필 링크/상담 전환 | 팔로우 유도 | 길이=20-45초 | 출력=대본만",1) 제목/썸네일 문구 확정␤2) GPT 프롬프트로 컷별 자막 생성␤3) 배경 이미지/영상 생성␤4) 음성 생성␤5) 립싱크 또는 자막형 선택␤6) 9:16 편집␤7) BGM -18~-24 LUFS␤8) 댓글 CTA 고정
https://www.instagram.com/aeonghee/reel/DYEf7diT3Ts,@aeonghee␤AEONGHEETOON_애옹희_사주/명리툰,"1,103,000",사주/운세 | 사주풀이,캡션 서사형,"조회수 1,103,000 기준 상위권 / 시리즈 반복 가능",💖두근두근 사주밸런스 게임💖␤전국에 있는 박씨에게␤죄송합니다ㅋㅋ,30~60초 정보형. 깔끔한 카드/화이트보드/상담 화면. 명리 용어는 쉽게 풀고 조건 리스트를 제시.,질문 후킹 → 조건 3~5개 → 쉬운 해석 → 현실 예시 → 댓글 키워드 CTA,"차분한 고딕 34~46px, 조건은 번호 리스트, 어려운 한자는 작게.",직접 CTA 없음 / 시청 지속 유도,💖두근두근 사주밸런스 게임💖␤전국에 있는 박씨에게 죄송합니다ㅋㅋ,사주 조건/성향 분석,"돈복 있는 사주, 배우자복, 귀인복, 직업운, 사주에 강한 오행","아래 제목을 기준으로 사주 조건 분석형 릴스 대본을 만들어줘. 명리 용어는 나오되 반드시 쉬운 말로 해석해. 조건 3~5개, 현실에서 보이는 특징, 주의점, 댓글 CTA를 포함해 30~60초 분량의 컷별 자막으로 작성해.",썸네일 문구=💖두근두근 사주밸런스 게임💖 전국에 있는 박씨에게 죄송합니다ㅋㅋ | 주제=사주/운세 | 사주풀이 | CTA=직접 CTA 없음 / 시청 지속 유도 | 길이=20-45초 | 출력=대본만,1) 제목/썸네일 문구 확정␤2) GPT 프롬프트로 컷별 자막 생성␤3) 배경 이미지/영상 생성␤4) 음성 생성␤5) 립싱크 또는 자막형 선택␤6) 9:16 편집␤7) BGM -18~-24 LUFS␤8) 댓글 CTA 고정
https://www.instagram.com/aeonghee/reel/DGnRKfFvnsH,@aeonghee␤AEONGHEETOON_애옹희_사주/명리툰,"1,092,000",사주/운세 | 사주풀이,캡션 서사형,"조회수 1,092,000 기준 상위권 / 시리즈 반복 가능",💖두근두근 사주 밸런스 게임💖␤근데 저 음지애인 재질인듯,30~60초 정보형. 깔끔한 카드/화이트보드/상담 화면. 명리 용어는 쉽게 풀고 조건 리스트를 제시.,질문 후킹 → 조건 3~5개 → 쉬운 해석 → 현실 예시 → 댓글 키워드 CTA,"차분한 고딕 34~46px, 조건은 번호 리스트, 어려운 한자는 작게.",직접 CTA 없음 / 시청 지속 유도,💖두근두근 사주 밸런스 게임💖␤근데 저 음지애인 재질인듯,사주 조건/성향 분석,"돈복 있는 사주, 배우자복, 귀인복, 직업운, 사주에 강한 오행","아래 제목을 기준으로 사주 조건 분석형 릴스 대본을 만들어줘. 명리 용어는 나오되 반드시 쉬운 말로 해석해. 조건 3~5개, 현실에서 보이는 특징, 주의점, 댓글 CTA를 포함해 30~60초 분량의 컷별 자막으로 작성해.",썸네일 문구=💖두근두근 사주 밸런스 게임💖 근데 저 음지애인 재질인듯 | 주제=사주/운세 | 사주풀이 | CTA=직접 CTA 없음 / 시청 지속 유도 | 길이=20-45초 | 출력=대본만,1) 제목/썸네일 문구 확정␤2) GPT 프롬프트로 컷별 자막 생성␤3) 배경 이미지/영상 생성␤4) 음성 생성␤5) 립싱크 또는 자막형 선택␤6) 9:16 편집␤7) BGM -18~-24 LUFS␤8) 댓글 CTA 고정
https://www.instagram.com/ys_mind_life/reel/DMo-abjTfS0,@ys_mind_life␤기막힌운세,"883,000",사주/운세 | 운세,캡션 서사형,"조회수 883,000 기준 상위권 / 시리즈 반복 가능",남은 올해 뭘 해도 천운이␤따라주는 사람,30~60초 정보형. 깔끔한 카드/화이트보드/상담 화면. 명리 용어는 쉽게 풀고 조건 리스트를 제시.,질문 후킹 → 조건 3~5개 → 쉬운 해석 → 현실 예시 → 댓글 키워드 CTA,"차분한 고딕 34~46px, 조건은 번호 리스트, 어려운 한자는 작게.",직접 CTA 없음 / 시청 지속 유도,남은 올해 뭘 해도 천운이 따라주는 사람,사주 조건/성향 분석,"돈복 있는 사주, 배우자복, 귀인복, 직업운, 사주에 강한 오행","아래 제목을 기준으로 사주 조건 분석형 릴스 대본을 만들어줘. 명리 용어는 나오되 반드시 쉬운 말로 해석해. 조건 3~5개, 현실에서 보이는 특징, 주의점, 댓글 CTA를 포함해 30~60초 분량의 컷별 자막으로 작성해.",썸네일 문구=남은 올해 뭘 해도 천운이 따라주는 사람 | 주제=사주/운세 | 운세 | CTA=직접 CTA 없음 / 시청 지속 유도 | 길이=20-45초 | 출력=대본만,1) 제목/썸네일 문구 확정␤2) GPT 프롬프트로 컷별 자막 생성␤3) 배경 이미지/영상 생성␤4) 음성 생성␤5) 립싱크 또는 자막형 선택␤6) 9:16 편집␤7) BGM -18~-24 LUFS␤8) 댓글 CTA 고정
https://www.instagram.com/dohwadore_life_reader/reel/DUAllzPj_Gg,@dohwadore_life_reader␤사주팔자 쉽게 풀어주는 남자ㅣ도화도르,"848,000",사주/운세 | 재물운,재물/로또운세 + 경고형 + 전환형,"조회수 848,000 기준 상위권 / 시리즈 반복 가능","토 많은 사주, 흙으로 태어난␤사람들의 26년 운세(더보기)","15~25초. 돈 들어오는 징조, 숫자, 색상, 물건을 빠르게 보여주는 카드형. 배경은 지갑/현관/하늘/금색 카드.",돈운 후킹 → 징조 3개 → 금전 행동 2개 → 저장/댓글 CTA,"노랑/흰색 굵은 고딕, 검정 박스, 숫자는 아주 크게. 화면 전환은 줌인/컷 전환 위주.",댓글 유도 | 프로필 링크/상담 전환,"토 많은 사주, 흙으로 태어난 사람들의 26년 운세(더보기)␤읽으시면서 이해안되시거나 더 아시고 싶으시면␤'토토' 라고 댓글 달아주세요!␤쉽고, 더 자세한 26년 운세는 DM으로 보내드릴게요💬␤✅️내 사주 보는 법!␤-사주만세력 어플에 생년월일시 입력␤-윗칸, 왼쪽에서 두번째 칸의 색깔 확인 -> 초빨노흰검 순서대로 목화토금수␤-해당하는 색에 맞게 아래 내용 확인!␤(어려우시면, 댓글에 토토 달아주세요🙉)␤🟢 목(木)일간 + 토 다자␤좋은 것␤- 재물운 터짐 (현금화, 수익 실현 타이밍)␤- 결혼 인연 (남: 깊은 관계 / 여: 원하는 남자 픽)␤- 매출 증진, 사업 확장 흐름␤조심할 것␤- 돈 번 거 발설 금지, 부모님 건강 체크␤🔴 화(火)일간 + 토 다자␤좋은 것␤- 창작 에너지 폭발 (콘텐츠, 강의 좋음)␤- 말로 먹고사는 시기 (교…",재물/로또운,"오늘 돈 들어오는 사람, 지갑에 넣으면 좋은 것, 로또 사기 좋은 날, 재물운 막는 행동","아래 문구를 첫 화면 썸네일로 쓰고, 재물운/로또운 릴스 대본을 만들어줘. 사주 운세처럼 들리되 실천 행동을 꼭 넣어. 구성은 후킹 1문장, 돈운 징조 3개, 오늘 피해야 할 행동 1개, 오늘 해야 할 행동 2개, 댓글 CTA로 작성해.","썸네일 문구=토 많은 사주, 흙으로 태어난 사람들의 26년 운세(더보기) | 주제=사주/운세 | 재물운 | CTA=댓글 유도 | 프로필 링크/상담 전환 | 길이=20-45초 | 출력=대본만",1) 제목/썸네일 문구 확정␤2) GPT 프롬프트로 컷별 자막 생성␤3) 배경 이미지/영상 생성␤4) 음성 생성␤5) 립싱크 또는 자막형 선택␤6) 9:16 편집␤7) BGM -18~-24 LUFS␤8) 댓글 CTA 고정
https://www.instagram.com/wise.saying77/reel/DACyjcRKrAE,@wise.saying77␤현인의 명언 | 풍수 운세 사주,"790,000",사주/운세 | 로또 운세,재물/로또운세,"조회수 790,000 기준 상위권 / 시리즈 반복 가능",로또1등 당첨자의 당첨비결,"15~25초. 돈 들어오는 징조, 숫자, 색상, 물건을 빠르게 보여주는 카드형. 배경은 지갑/현관/하늘/금색 카드.",돈운 후킹 → 징조 3개 → 금전 행동 2개 → 저장/댓글 CTA,"노랑/흰색 굵은 고딕, 검정 박스, 숫자는 아주 크게. 화면 전환은 줌인/컷 전환 위주.",직접 CTA 없음 / 시청 지속 유도,로또1등 당첨자의 당첨비결,재물/로또운,"오늘 돈 들어오는 사람, 지갑에 넣으면 좋은 것, 로또 사기 좋은 날, 재물운 막는 행동","아래 문구를 첫 화면 썸네일로 쓰고, 재물운/로또운 릴스 대본을 만들어줘. 사주 운세처럼 들리되 실천 행동을 꼭 넣어. 구성은 후킹 1문장, 돈운 징조 3개, 오늘 피해야 할 행동 1개, 오늘 해야 할 행동 2개, 댓글 CTA로 작성해.",썸네일 문구=로또1등 당첨자의 당첨비결 | 주제=사주/운세 | 로또 운세 | CTA=직접 CTA 없음 / 시청 지속 유도 | 길이=20-45초 | 출력=대본만,1) 제목/썸네일 문구 확정␤2) GPT 프롬프트로 컷별 자막 생성␤3) 배경 이미지/영상 생성␤4) 음성 생성␤5) 립싱크 또는 자막형 선택␤6) 9:16 편집␤7) BGM -18~-24 LUFS␤8) 댓글 CTA 고정
https://www.instagram.com/naru_ing/reel/DUXw8cxE4Y-,@naru_ing␤운세 사주 타로 신점 • 사주나루,"742,000",사주/운세 | 조심/운막힘,경고형,"조회수 742,000 기준 상위권 / 시리즈 반복 가능","❤️ 리딩은 아래 본문에␤담아두었어요. ✨ 복채는␤팔로우, 좋아요, 리포스트로␤받겠습니다.",15~30초 생활 팁형. 실제 집/지갑/현관/침대/책상 이미지. 첫 컷은 '이거 있으면 돈운 막힘' 식 경고.,문제 물건/공간 제시 → 왜 막히는지 → 오늘 치울 것 → 대체 행동 → 저장 CTA,"검정/흰색 대비 큰 자막, 체크/금지 아이콘, 배경은 실제 생활 사진.",댓글 유도 | 저장 유도 | 팔로우 유도,"❤️ 리딩은 아래 본문에 담아두었어요.␤✨ 복채는 팔로우, 좋아요, 리포스트로 받겠습니다.␤🎀 선택한 번호를 댓글로 남기면, 원하는 기운이 당신에게 더 오래 머물 거예요.␤– 1번 카드를 고른 당신에게 –␤겉으로 보면 당신은 꽤 담담한 사람처럼 보입니다.␤굳이 자신을 드러내려 애쓰지도 않고,␤상황을 과장해서 말하지도 않죠.␤그런데 이상하게도, 사람들이 뒤에서 가장 많이 비교하는 대상이 바로 당신입니다.␤남들이 몰래 질투하는 당신의 장점은␤‘흔들리지 않는 자기 기준’이에요.␤당신은 주변 분위기에 휩쓸려서 판단을 바꾸거나,␤타인의 말 한마디에 스스로를 의심하는 타입이 아닙니다.␤겉으론 유연해 보여도, 속으로는␤“이건 내가 지킬 선이야”라는 기준이 분명하죠.␤특히 선택의 순간에서 이 차이가 도드라집니다.␤다들 눈치 보며 망설일 때,␤당신은 조용히…",풍수/개운법,"현관 풍수, 지갑 풍수, 침대 위치, 돈운 막는 물건, 귀인운 여는 정리","아래 생활 풍수 주제로 인스타 릴스 대본을 만들어줘. 15~30초 분량으로, 첫 문장은 경고형 후킹으로 시작해. 왜 운이 막히는지 쉽게 설명하고 오늘 바로 할 행동 3개를 넣어. 마지막은 저장 CTA로 끝내.","썸네일 문구=❤️ 리딩은 아래 본문에 담아두었어요. ✨ 복채는 팔로우, 좋아요, 리포스트로 받겠습니다. | 주제=사주/운세 | 조심/운막힘 | CTA=댓글 유도 | 저장 유도 | 팔로우 유도 | 길이=20-45초 | 출력=대본만",1) 제목/썸네일 문구 확정␤2) GPT 프롬프트로 컷별 자막 생성␤3) 배경 이미지/영상 생성␤4) 음성 생성␤5) 립싱크 또는 자막형 선택␤6) 9:16 편집␤7) BGM -18~-24 LUFS␤8) 댓글 CTA 고정
https://www.instagram.com/sajunaru/reel/DTr9roqinmY,@sajunaru␤사주 신점 타로 운세 • 사주나루,"731,000",사주/운세 | 재물운,재물/로또운세,"조회수 731,000 기준 상위권 / 시리즈 반복 가능",평생 손에 돈 마를 일 없는␤최고의 태몽 Top4␤알려드리겠습니다,"15~25초. 돈 들어오는 징조, 숫자, 색상, 물건을 빠르게 보여주는 카드형. 배경은 지갑/현관/하늘/금색 카드.",돈운 후킹 → 징조 3개 → 금전 행동 2개 → 저장/댓글 CTA,"노랑/흰색 굵은 고딕, 검정 박스, 숫자는 아주 크게. 화면 전환은 줌인/컷 전환 위주.",직접 CTA 없음 / 시청 지속 유도,평생 손에 돈 마를 일 없는␤최고의 태몽 Top4 알려드리겠습니다␤@@헐 나 이 꿈 꿨는데␤@@@ 이거봐ㅎㅎㅎㅎ!!!!,재물/로또운,"오늘 돈 들어오는 사람, 지갑에 넣으면 좋은 것, 로또 사기 좋은 날, 재물운 막는 행동","아래 문구를 첫 화면 썸네일로 쓰고, 재물운/로또운 릴스 대본을 만들어줘. 사주 운세처럼 들리되 실천 행동을 꼭 넣어. 구성은 후킹 1문장, 돈운 징조 3개, 오늘 피해야 할 행동 1개, 오늘 해야 할 행동 2개, 댓글 CTA로 작성해.",썸네일 문구=평생 손에 돈 마를 일 없는 최고의 태몽 Top4 알려드리겠습니다 | 주제=사주/운세 | 재물운 | CTA=직접 CTA 없음 / 시청 지속 유도 | 길이=20-45초 | 출력=대본만,1) 제목/썸네일 문구 확정␤2) GPT 프롬프트로 컷별 자막 생성␤3) 배경 이미지/영상 생성␤4) 음성 생성␤5) 립싱크 또는 자막형 선택␤6) 9:16 편집␤7) BGM -18~-24 LUFS␤8) 댓글 CTA 고정
https://www.instagram.com/fate_mate_peek/reel/DKohUKWPhqd,@fate_mate_peek␤궁궁해,"702,000",사주/운세 | 연애/재회운,띠별운세 + 연애/재회운,"조회수 702,000 기준 상위권 / 시리즈 반복 가능",진짜 오래가는 천생연분 띠궁합␤8쌍,20~35초. 감성 배경 또는 연인/거리/비 오는 창가 이미지. 첫 컷은 '절대 헤어질 수 없는 궁합 TOP'처럼 관계 후킹.,관계 후킹 → 띠/조건 공개 → 왜 끌리는지 → 주의점 → 댓글로 내 띠 유도,"흰색 굵은 고딕 38~52px, 검정/흰색 라운드 박스, 감정 단어만 빨강/분홍 강조.",직접 CTA 없음 / 시청 지속 유도,진짜 오래가는 천생연분 띠궁합 8쌍,띠별 연애/재회운,"띠별 찰떡궁합, 헤어진 뒤 연락 오는 띠, 6월 재회운 TOP, 월별 인연운","아래 썸네일 문구를 기준으로 인스타 릴스용 연애/재회운 대본을 만들어줘. 사주/띠/궁합 관점으로 풀되, 20~35초 안에 들어가게 컷별 자막을 작성해. 구조는 1) 강한 관계 후킹 2) 해당 띠/조건 3) 끌리는 이유 4) 조심할 포인트 5) 댓글 CTA. 마지막은 '내 띠 남기면 다음 편에 봐드릴게요' 식으로 끝내.",썸네일 문구=진짜 오래가는 천생연분 띠궁합 8쌍 | 주제=사주/운세 | 연애/재회운 | CTA=직접 CTA 없음 / 시청 지속 유도 | 길이=20-45초 | 출력=대본만,1) 제목/썸네일 문구 확정␤2) GPT 프롬프트로 컷별 자막 생성␤3) 배경 이미지/영상 생성␤4) 음성 생성␤5) 립싱크 또는 자막형 선택␤6) 9:16 편집␤7) BGM -18~-24 LUFS␤8) 댓글 CTA 고정
https://www.instagram.com/ys_mind_life/reel/DMPX0plzY5i,@ys_mind_life␤기막힌운세,"682,000",사주/운세 | 운세,캡션 서사형,"조회수 682,000 기준 상위권 / 시리즈 반복 가능",A열 실제 썸네일 확인:␤@ys_mind_life 계정␤내 조회수 4위,15~30초 생활 팁형. 실제 집/지갑/현관/침대/책상 이미지. 첫 컷은 '이거 있으면 돈운 막힘' 식 경고.,문제 물건/공간 제시 → 왜 막히는지 → 오늘 치울 것 → 대체 행동 → 저장 CTA,"검정/흰색 대비 큰 자막, 체크/금지 아이콘, 배경은 실제 생활 사진.",직접 CTA 없음 / 시청 지속 유도,실제 대본 미수집␤공개 캡션/본문에 본문 대사가 없어 원본 영상 확인이 필요합니다.,풍수/개운법,"현관 풍수, 지갑 풍수, 침대 위치, 돈운 막는 물건, 귀인운 여는 정리","아래 생활 풍수 주제로 인스타 릴스 대본을 만들어줘. 15~30초 분량으로, 첫 문장은 경고형 후킹으로 시작해. 왜 운이 막히는지 쉽게 설명하고 오늘 바로 할 행동 3개를 넣어. 마지막은 저장 CTA로 끝내.",썸네일 문구=A열 실제 썸네일 확인: @ys_mind_life 계정 내 조회수 4위 | 주제=사주/운세 | 운세 | CTA=직접 CTA 없음 / 시청 지속 유도 | 길이=20-45초 | 출력=대본만,1) 제목/썸네일 문구 확정␤2) GPT 프롬프트로 컷별 자막 생성␤3) 배경 이미지/영상 생성␤4) 음성 생성␤5) 립싱크 또는 자막형 선택␤6) 9:16 편집␤7) BGM -18~-24 LUFS␤8) 댓글 CTA 고정
https://www.instagram.com/ys_mind_life/reel/DMZLO1UTh-g,@ys_mind_life␤기막힌운세,"672,000",사주/운세 | 운세,캡션 서사형,"조회수 672,000 기준 상위권 / 시리즈 반복 가능",A열 실제 썸네일 확인:␤@ys_mind_life 계정␤내 조회수 5위,15~30초 생활 팁형. 실제 집/지갑/현관/침대/책상 이미지. 첫 컷은 '이거 있으면 돈운 막힘' 식 경고.,문제 물건/공간 제시 → 왜 막히는지 → 오늘 치울 것 → 대체 행동 → 저장 CTA,"검정/흰색 대비 큰 자막, 체크/금지 아이콘, 배경은 실제 생활 사진.",직접 CTA 없음 / 시청 지속 유도,실제 대본 미수집␤공개 캡션/본문에 본문 대사가 없어 원본 영상 확인이 필요합니다.,풍수/개운법,"현관 풍수, 지갑 풍수, 침대 위치, 돈운 막는 물건, 귀인운 여는 정리","아래 생활 풍수 주제로 인스타 릴스 대본을 만들어줘. 15~30초 분량으로, 첫 문장은 경고형 후킹으로 시작해. 왜 운이 막히는지 쉽게 설명하고 오늘 바로 할 행동 3개를 넣어. 마지막은 저장 CTA로 끝내.",썸네일 문구=A열 실제 썸네일 확인: @ys_mind_life 계정 내 조회수 5위 | 주제=사주/운세 | 운세 | CTA=직접 CTA 없음 / 시청 지속 유도 | 길이=20-45초 | 출력=대본만,1) 제목/썸네일 문구 확정␤2) GPT 프롬프트로 컷별 자막 생성␤3) 배경 이미지/영상 생성␤4) 음성 생성␤5) 립싱크 또는 자막형 선택␤6) 9:16 편집␤7) BGM -18~-24 LUFS␤8) 댓글 CTA 고정
https://www.instagram.com/luckypower_good88/reel/DS9vpLiiUnn,@luckypower_good88␤운기칠삼,"657,000",사주/운세 | 운세,캡션 서사형,"조회수 657,000 기준 상위권 / 시리즈 반복 가능",A열 실제 썸네일 확인:␤@luckypower_good88␤계정 내 조회수 2위,15~30초 생활 팁형. 실제 집/지갑/현관/침대/책상 이미지. 첫 컷은 '이거 있으면 돈운 막힘' 식 경고.,문제 물건/공간 제시 → 왜 막히는지 → 오늘 치울 것 → 대체 행동 → 저장 CTA,"검정/흰색 대비 큰 자막, 체크/금지 아이콘, 배경은 실제 생활 사진.",직접 CTA 없음 / 시청 지속 유도,실제 대본 미수집␤공개 캡션/본문에 본문 대사가 없어 원본 영상 확인이 필요합니다.,풍수/개운법,"현관 풍수, 지갑 풍수, 침대 위치, 돈운 막는 물건, 귀인운 여는 정리","아래 생활 풍수 주제로 인스타 릴스 대본을 만들어줘. 15~30초 분량으로, 첫 문장은 경고형 후킹으로 시작해. 왜 운이 막히는지 쉽게 설명하고 오늘 바로 할 행동 3개를 넣어. 마지막은 저장 CTA로 끝내.",썸네일 문구=A열 실제 썸네일 확인: @luckypower_good88 계정 내 조회수 2위 | 주제=사주/운세 | 운세 | CTA=직접 CTA 없음 / 시청 지속 유도 | 길이=20-45초 | 출력=대본만,1) 제목/썸네일 문구 확정␤2) GPT 프롬프트로 컷별 자막 생성␤3) 배경 이미지/영상 생성␤4) 음성 생성␤5) 립싱크 또는 자막형 선택␤6) 9:16 편집␤7) BGM -18~-24 LUFS␤8) 댓글 CTA 고정
https://www.instagram.com/dohwadore_life_reader/reel/DT42lsUD1qd,@dohwadore_life_reader␤사주팔자 쉽게 풀어주는 남자ㅣ도화도르,"586,000",사주/운세 | 운세,캡션 서사형,"조회수 586,000 기준 상위권 / 시리즈 반복 가능",A열 실제 썸네일 확인:␤@dohwadore_life_reader␤계정 내 조회수 2위,15~30초 생활 팁형. 실제 집/지갑/현관/침대/책상 이미지. 첫 컷은 '이거 있으면 돈운 막힘' 식 경고.,문제 물건/공간 제시 → 왜 막히는지 → 오늘 치울 것 → 대체 행동 → 저장 CTA,"검정/흰색 대비 큰 자막, 체크/금지 아이콘, 배경은 실제 생활 사진.",직접 CTA 없음 / 시청 지속 유도,실제 대본 미수집␤공개 캡션/본문에 본문 대사가 없어 원본 영상 확인이 필요합니다.,풍수/개운법,"현관 풍수, 지갑 풍수, 침대 위치, 돈운 막는 물건, 귀인운 여는 정리","아래 생활 풍수 주제로 인스타 릴스 대본을 만들어줘. 15~30초 분량으로, 첫 문장은 경고형 후킹으로 시작해. 왜 운이 막히는지 쉽게 설명하고 오늘 바로 할 행동 3개를 넣어. 마지막은 저장 CTA로 끝내.",썸네일 문구=A열 실제 썸네일 확인: @dohwadore_life_reader 계정 내 조회수 2위 | 주제=사주/운세 | 운세 | CTA=직접 CTA 없음 / 시청 지속 유도 | 길이=20-45초 | 출력=대본만,1) 제목/썸네일 문구 확정␤2) GPT 프롬프트로 컷별 자막 생성␤3) 배경 이미지/영상 생성␤4) 음성 생성␤5) 립싱크 또는 자막형 선택␤6) 9:16 편집␤7) BGM -18~-24 LUFS␤8) 댓글 CTA 고정
https://www.instagram.com/yuhwa.flow/reel/DWlIy1eE1uP,@yuhwa.flow␤유화사주 | 사주 • 연애 • 결혼 • 직업 • 재물 • 건강,"327,000",사주/운세 | 연애/재회운,띠별운세 + 연애/재회운 + 전환형,"조회수 327,000 기준 상위권 / 시리즈 반복 가능","💬 댓글에 ”본인 띠“␤남겨주세요. 이번엔 반대로,",20~35초. 감성 배경 또는 연인/거리/비 오는 창가 이미지. 첫 컷은 '절대 헤어질 수 없는 궁합 TOP'처럼 관계 후킹.,관계 후킹 → 띠/조건 공개 → 왜 끌리는지 → 주의점 → 댓글로 내 띠 유도,"흰색 굵은 고딕 38~52px, 검정/흰색 라운드 박스, 감정 단어만 빨강/분홍 강조.",댓글 유도 | 저장 유도 | 공유/태그 유도 | 프로필 링크/상담 전환 | 팔로우 유도,"💬 댓글에 ”본인 띠“ 남겨주세요.␤이번엔 반대로,␤’바람 피는 남자 사주‘에 대해 풀이하여␤DM으로 은밀히 보내드리겠습니다.␤🙏␤—␤이런 경험이 있다면␤👇이미 이 사주를 타고난 겁니다👇␤1.␤남자친구나 남편이 다른 여자한테 관심이 없다␤2.␤핸드폰 검사 안 하는데 남편이 알아서 보여준다␤3.␤늦게 들어와도 추궁 안 하는데 먼저 보고한다␤4.␤친구 모임 자유롭게 보내주면 오히려 일찍 들어온다␤5.␤의심 안 하는데 남편이 먼저 해명한다␤6.␤남편이 나한테 눈치를 본다␤7.␤주변에서 남편이 아내 바라기라는 말을 자주 듣는다␤—␤이것은 성격이 아닙니다.␤사주 안에 남편을 저절로 정숙하게 만드는␤기운의 구조가 있기 때문입니다.␤명리학에서 정관은 여자에게 남편의 기운입니다.␤이 정관이 어디에 어떻게 앉아 있느냐에 따라␤남편이 한 여자만 바라보는 사주…",띠별 연애/재회운,"띠별 찰떡궁합, 헤어진 뒤 연락 오는 띠, 6월 재회운 TOP, 월별 인연운","아래 썸네일 문구를 기준으로 인스타 릴스용 연애/재회운 대본을 만들어줘. 사주/띠/궁합 관점으로 풀되, 20~35초 안에 들어가게 컷별 자막을 작성해. 구조는 1) 강한 관계 후킹 2) 해당 띠/조건 3) 끌리는 이유 4) 조심할 포인트 5) 댓글 CTA. 마지막은 '내 띠 남기면 다음 편에 봐드릴게요' 식으로 끝내.","썸네일 문구=💬 댓글에 ”본인 띠“ 남겨주세요. 이번엔 반대로, | 주제=사주/운세 | 연애/재회운 | CTA=댓글 유도 | 저장 유도 | 공유/태그 유도 | 프로필 링크/상담 전환 | 팔로우 유도 | 길이=20-45초 | 출력=대본만",1) 제목/썸네일 문구 확정␤2) GPT 프롬프트로 컷별 자막 생성␤3) 배경 이미지/영상 생성␤4) 음성 생성␤5) 립싱크 또는 자막형 선택␤6) 9:16 편집␤7) BGM -18~-24 LUFS␤8) 댓글 CTA 고정
https://www.instagram.com/saju.myungdang/reel/DSHgucPkcZ4,@saju.myungdang,"320,000",사주/운세 | 연애/재회운,띠별운세 + 연애/재회운 + 비방/개운법 + 전환형,"조회수 320,000 기준 상위권 / 시리즈 반복 가능",💬 댓글에 ‘본인 띠’만␤남겨주세요. 밤에 잠자리␤속궁합이 미치도록 좋은 궁합의,20~35초. 감성 배경 또는 연인/거리/비 오는 창가 이미지. 첫 컷은 '절대 헤어질 수 없는 궁합 TOP'처럼 관계 후킹.,관계 후킹 → 띠/조건 공개 → 왜 끌리는지 → 주의점 → 댓글로 내 띠 유도,"흰색 굵은 고딕 38~52px, 검정/흰색 라운드 박스, 감정 단어만 빨강/분홍 강조.",댓글 유도 | 저장 유도 | 공유/태그 유도 | 프로필 링크/상담 전환 | 팔로우 유도,"💬 댓글에 ‘본인 띠’만 남겨주세요.␤밤에 잠자리 속궁합이 미치도록 좋은 궁합의␤주인공들에 대해 풀이하여 DM으로 안내드릴게요.␤🙏␤—␤본문에는 정답 말고,␤대신 이런 힌트만 남겨둘게요.␤🐎 힌트 1 몸의 리듬과 속도가 완벽히 일치하는 궁합.␤말보다 호흡으로 통하고, 밤을 보내고 나면 오히려 기운이 펄펄 살아나서 일까지 잘 풀립니다.␤서로가 서로에게 최고의 '에너지 충전기'가 되는 타입이에요.␤🐰 힌트 2 닿는 순간 긴장이 탁 풀리면서 무장해제 되는 사이.␤서로가 세상의 도피처 같아서, 한 번 깊어지면 중독처럼 끊을 수 없는 '마약 같은' 안정감을 줍니다.␤욕망과 위로가 동시에 채워지는 힐링 궁합입니다.␤🐲 힌트 3 만나면 공기부터 달아오르는 '호기심 천국'.␤장난기와 열정이 동시에 터져서 지루할 틈이 없어요.␤새로운 시도가 자연스럽고, 끝…",띠별 연애/재회운,"띠별 찰떡궁합, 헤어진 뒤 연락 오는 띠, 6월 재회운 TOP, 월별 인연운","아래 썸네일 문구를 기준으로 인스타 릴스용 연애/재회운 대본을 만들어줘. 사주/띠/궁합 관점으로 풀되, 20~35초 안에 들어가게 컷별 자막을 작성해. 구조는 1) 강한 관계 후킹 2) 해당 띠/조건 3) 끌리는 이유 4) 조심할 포인트 5) 댓글 CTA. 마지막은 '내 띠 남기면 다음 편에 봐드릴게요' 식으로 끝내.",썸네일 문구=💬 댓글에 ‘본인 띠’만 남겨주세요. 밤에 잠자리 속궁합이 미치도록 좋은 궁합의 | 주제=사주/운세 | 연애/재회운 | CTA=댓글 유도 | 저장 유도 | 공유/태그 유도 | 프로필 링크/상담 전환 | 팔로우 유도 | 길이=20-45초 | 출력=대본만,1) 제목/썸네일 문구 확정␤2) GPT 프롬프트로 컷별 자막 생성␤3) 배경 이미지/영상 생성␤4) 음성 생성␤5) 립싱크 또는 자막형 선택␤6) 9:16 편집␤7) BGM -18~-24 LUFS␤8) 댓글 CTA 고정
https://www.instagram.com/fate_saju/reel/DTSQHmTk7BV,@fate_saju,"306,000",시기별 운세 | 2026년 쥐띠 소띠 호랑이띠 토끼띠 연애/재회운,띠별운세 + 연애/재회운,"조회수 306,000 기준 상위권 / 시리즈 반복 가능",💬댓글에 “진짜귀인” 이라고␤확언해봐! 평생 쓰고도 남을␤복이 네 곁에 머물도록 내가␤간절히 빌어줄게!🙏🏻,20~35초. 감성 배경 또는 연인/거리/비 오는 창가 이미지. 첫 컷은 '절대 헤어질 수 없는 궁합 TOP'처럼 관계 후킹.,관계 후킹 → 띠/조건 공개 → 왜 끌리는지 → 주의점 → 댓글로 내 띠 유도,"흰색 굵은 고딕 38~52px, 검정/흰색 라운드 박스, 감정 단어만 빨강/분홍 강조.",댓글 유도 | 저장 유도 | 공유/태그 유도 | 팔로우 유도,"💬댓글에 “진짜귀인” 이라고 확언해봐!␤평생 쓰고도 남을 복이 네 곁에 머물도록 내가 간절히 빌어줄게!🙏🏻␤—␤2026년, 믿었던 사람의 배신은 더 큰 복과 진짜 귀인을 맞이하기 위한 액막이 과정입니다.␤1.␤소띠 - (1997, 1985, 1973년생)␤2.␤쥐띠 - (1996, 1984, 1972년생)␤3.␤말띠 - (1990, 1978, 2002년생)␤4.␤호랑이띠 - (1998, 1986, 1974년생)␤5.␤토끼띠 - (1999, 1987, 1975년생)␤올해 인간관계로 멘탈이 흔들려도 배신한 사람을 절대 붙잡지 마.␤가짜가 제 발로 나가는 건 네 운이 좋아지고 있다는 증거니까, 그 빈자리에 들어올 진짜 귀인을 맞이할 준비만 하면 돼.␤🔮 복채는 ’팔로우‘ 하나면 충분해.␤—␤✅ 지금 마음이 울렸다면 ‘좋아요’␤✅ 나중에 다시 보고…",띠별 연애/재회운,"띠별 찰떡궁합, 헤어진 뒤 연락 오는 띠, 6월 재회운 TOP, 월별 인연운","아래 썸네일 문구를 기준으로 인스타 릴스용 연애/재회운 대본을 만들어줘. 사주/띠/궁합 관점으로 풀되, 20~35초 안에 들어가게 컷별 자막을 작성해. 구조는 1) 강한 관계 후킹 2) 해당 띠/조건 3) 끌리는 이유 4) 조심할 포인트 5) 댓글 CTA. 마지막은 '내 띠 남기면 다음 편에 봐드릴게요' 식으로 끝내.",썸네일 문구=💬댓글에 “진짜귀인” 이라고 확언해봐! 평생 쓰고도 남을 복이 네 곁에 머물도록 내가 간절히 빌어줄게!🙏🏻 | 주제=시기별 운세 | 2026년 쥐띠 소띠 호랑이띠 토끼띠 연애/재회운 | CTA=댓글 유도 | 저장 유도 | 공유/태그 유도 | 팔로우 유도 | 길이=20-45초 | 출력=대본만,1) 제목/썸네일 문구 확정␤2) GPT 프롬프트로 컷별 자막 생성␤3) 배경 이미지/영상 생성␤4) 음성 생성␤5) 립싱크 또는 자막형 선택␤6) 9:16 편집␤7) BGM -18~-24 LUFS␤8) 댓글 CTA 고정
https://www.instagram.com/27saju/reel/DWgZV8egShB,@27saju␤인생사주,"221,000",사주/운세 | 연애/재회운,연애/재회운 + 전환형,"조회수 221,000 기준 상위권 / 시리즈 반복 가능",남다른 '색기'가 있는 사주␤도화살을 가지고 있으면 이렇게␤됩니다 🌸,"25~45초 감성형. 배경은 실사 감성 영상 또는 AI 인물/풍경. 대사는 짧고 여운 있게, BGM은 잔잔하게.",공감 후킹 → 사주 조건/심리 → 상대 반응 → 조언 → DM/댓글 CTA,"작은 흰색 자막 34~44px, 키워드만 굵게. 지나치게 화려한 카드보다 여백 있는 화면.",댓글 유도 | 프로필 링크/상담 전환,"남다른 '색기'가 있는 사주␤도화살을 가지고 있으면 이렇게 됩니다 🌸␤사주에 도화살이 있으면 태어날 때부터 다릅니다.␤특별히 꾸미지 않아도 사람을 끌어당기는 힘.␤그게 바로 도화살(桃花煞)의 기운입니다.␤하지만 도화살은 양날의 검이에요.␤장내도화면 배우자 복, 장외도화면 이성 문제...␤같은 도화인데 인생이 완전히 갈립니다.␤내 도화살이 어디에 있는지 알고 싶다면?␤댓글에 생년월일시 + 고민을 남겨주세요 🙏␤사주분석 신청 → 프로필 링크 또는 www.27saju.com",연애/재회/궁합,"나를 못 잊는 사람 사주, 재회 전조, 오래 가는 궁합, 피해야 할 인연","아래 제목을 기준으로 사주/궁합 관점의 인스타 릴스 대본을 써줘. 25~45초 분량이고, 감정 공감으로 시작해. 사주 조건 3개를 쉽게 풀고, 마지막에는 댓글로 상황을 남기게 유도해. 말투는 단정하지만 따뜻하게.",썸네일 문구=남다른 '색기'가 있는 사주 도화살을 가지고 있으면 이렇게 됩니다 🌸 | 주제=사주/운세 | 연애/재회운 | CTA=댓글 유도 | 프로필 링크/상담 전환 | 길이=20-45초 | 출력=대본만,1) 제목/썸네일 문구 확정␤2) GPT 프롬프트로 컷별 자막 생성␤3) 배경 이미지/영상 생성␤4) 음성 생성␤5) 립싱크 또는 자막형 선택␤6) 9:16 편집␤7) BGM -18~-24 LUFS␤8) 댓글 CTA 고정
https://www.instagram.com/cheon_unse/reel/DVhSX98CN0Z,@cheon_unse␤청운운세 - 청운당,"176,000",사주/운세 | 연애/재회운,연애/재회운,"조회수 176,000 기준 상위권 / 시리즈 반복 가능",연애에서는 설렘이 가장␤중요하다고 생각하기 쉽습니다.,"25~45초 감성형. 배경은 실사 감성 영상 또는 AI 인물/풍경. 대사는 짧고 여운 있게, BGM은 잔잔하게.",공감 후킹 → 사주 조건/심리 → 상대 반응 → 조언 → DM/댓글 CTA,"작은 흰색 자막 34~44px, 키워드만 굵게. 지나치게 화려한 카드보다 여백 있는 화면.",팔로우 유도,"연애에서는 설렘이 가장 중요하다고 생각하기 쉽습니다.␤하지만 실제로 결혼까지 이어지는 관계를 보면␤공통적으로 편안함과 안정감이 먼저 형성되는 경우가 많습니다.␤1️⃣ 이상하게 편안한 느낌␤결혼 인연을 만났다고 느끼는 사람들의 공통된 이야기가 있습니다.␤“처음부터 오래 알던 사람 같았다”는 느낌입니다.␤이건 단순히 성격이 맞는 것뿐 아니라␤대화의 리듬, 가치관, 생활 방식 같은 것들이␤크게 충돌하지 않기 때문입니다.␤그래서 감정 소모가 적습니다.␤같이 있어도 피곤하지 않습니다.␤2️⃣ 관계가 자연스럽게 이어진다␤일반적인 연애에서는␤연락 빈도, 관심 표현, 밀고 당기기 같은␤심리 싸움이 생기기 쉽습니다.␤하지만 결혼까지 이어지는 관계에서는␤이런 계산이 크게 필요하지 않은 경우가 많습니다.␤연락이 자연스럽게 이어지고␤약속이 무리 없이 잡히고␤관계…",연애/재회/궁합,"나를 못 잊는 사람 사주, 재회 전조, 오래 가는 궁합, 피해야 할 인연","아래 제목을 기준으로 사주/궁합 관점의 인스타 릴스 대본을 써줘. 25~45초 분량이고, 감정 공감으로 시작해. 사주 조건 3개를 쉽게 풀고, 마지막에는 댓글로 상황을 남기게 유도해. 말투는 단정하지만 따뜻하게.",썸네일 문구=연애에서는 설렘이 가장 중요하다고 생각하기 쉽습니다. | 주제=사주/운세 | 연애/재회운 | CTA=팔로우 유도 | 길이=20-45초 | 출력=대본만,1) 제목/썸네일 문구 확정␤2) GPT 프롬프트로 컷별 자막 생성␤3) 배경 이미지/영상 생성␤4) 음성 생성␤5) 립싱크 또는 자막형 선택␤6) 9:16 편집␤7) BGM -18~-24 LUFS␤8) 댓글 CTA 고정
https://www.instagram.com/ruahdam_saju/reel/DXHVudPkwRG,@ruahdam_saju,"168,000",사주/운세 | 연애/재회운,연애/재회운 + 전환형,"조회수 168,000 기준 상위권 / 시리즈 반복 가능",끊었는데도 계속 신경 쓰이는␤사람 있죠 이건 미련이 아니라,"25~45초 감성형. 배경은 실사 감성 영상 또는 AI 인물/풍경. 대사는 짧고 여운 있게, BGM은 잔잔하게.",공감 후킹 → 사주 조건/심리 → 상대 반응 → 조언 → DM/댓글 CTA,"작은 흰색 자막 34~44px, 키워드만 굵게. 지나치게 화려한 카드보다 여백 있는 화면.",저장 유도 | 공유/태그 유도 | 프로필 링크/상담 전환 | 팔로우 유도,끊었는데도 계속 신경 쓰이는 사람 있죠␤이건 미련이 아니라␤끊어지지 않는 흐름일 수도 있어요␤비슷한 상황 겪어본 사람들은␤이상하게 한 번 더 이어집니다␤근데 중요한 건␤👉 다시 이어지는 인연인지 아니면␤여기서 끝나는 인연인지는 따로 보여요␤이어질 인연인지 아닌지␤헷갈리면 🔮 남기고 DM 주세요␤인연운 따로 봐드릴게요␤🍀 공감되면 좋아요♥️ 한 번 눌러주세요␤🍀 나중에 다시 보려면 저장해두세요␤🍀 비슷한 상황 친구 있으면 공유해보세요␤🍀 팔로우 해두시면 다음 흐름도 계속 알려드릴게요␤📩 자세한 상담은 프로필로 편하게 오세요,연애/재회/궁합,"나를 못 잊는 사람 사주, 재회 전조, 오래 가는 궁합, 피해야 할 인연","아래 제목을 기준으로 사주/궁합 관점의 인스타 릴스 대본을 써줘. 25~45초 분량이고, 감정 공감으로 시작해. 사주 조건 3개를 쉽게 풀고, 마지막에는 댓글로 상황을 남기게 유도해. 말투는 단정하지만 따뜻하게.",썸네일 문구=끊었는데도 계속 신경 쓰이는 사람 있죠 이건 미련이 아니라 | 주제=사주/운세 | 연애/재회운 | CTA=저장 유도 | 공유/태그 유도 | 프로필 링크/상담 전환 | 팔로우 유도 | 길이=20-45초 | 출력=대본만,1) 제목/썸네일 문구 확정␤2) GPT 프롬프트로 컷별 자막 생성␤3) 배경 이미지/영상 생성␤4) 음성 생성␤5) 립싱크 또는 자막형 선택␤6) 9:16 편집␤7) BGM -18~-24 LUFS␤8) 댓글 CTA 고정
https://www.instagram.com/ys_mind_life/reel/DNEDHOKz-KI,@ys_mind_life␤기막힌운세,"158,000",시기별 운세 | 9월 운세,캡션 서사형,"조회수 158,000 기준 상위권 / 시리즈 반복 가능","9월␤8, 에 좋은 소식이 있을␤사람 답답하신마음",15~35초. 감성 배경에 짧은 문장형. 운세와 명언을 섞어 저장/공유를 노림.,공감 문장 → 사주식 해석 → 오늘의 한 문장 → 저장 CTA,"흰색/검정 심플 자막 36~48px, 문장 중심, 배경은 자연/야경/카페.",댓글 유도,"8,9월에 좋은 소식이 있을 사람␤답답하신마음␤이분의 점사를 보시면 꽉막혔던 답답함이 해결될겁니다.␤유료점사 보실분은 댓글에 ""궁금해"" 남겨주시면 Dm드릴게요.",명언/감성 운세,"오늘 마음 운세, 나를 지켜주는 말, 인간관계 운세, 버려야 할 인연","아래 문장을 첫 후킹으로 삼아 인스타 감성 운세 릴스 대본을 만들어줘. 명언처럼 저장하고 싶게 쓰되, 중간에 사주/운세 해석을 2문장 넣어. 15~35초 컷별 자막으로 작성하고 마지막은 저장 CTA로 마무리해.","썸네일 문구=9월 8, 에 좋은 소식이 있을 사람 답답하신마음 | 주제=시기별 운세 | 9월 운세 | CTA=댓글 유도 | 길이=20-45초 | 출력=대본만",1) 제목/썸네일 문구 확정␤2) GPT 프롬프트로 컷별 자막 생성␤3) 배경 이미지/영상 생성␤4) 음성 생성␤5) 립싱크 또는 자막형 선택␤6) 9:16 편집␤7) BGM -18~-24 LUFS␤8) 댓글 CTA 고정


시리즈 운영 방식,GPT 프롬프트,프롬프트 예시 입력,제작 체크리스트
"매일 날짜형, 12지 띠별 로테이션, 주 1회 TOP 순위형으로 묶기","아래 제목을 기준으로 인스타 릴스용 사주 운세 대본을 만들어줘. 제목 문구는 첫 화면 썸네일 문구로 그대로 쓰고, 12~22초 분량으로 작성해. 구조는 1) 첫 문장 후킹 2) 왜 돈운/로또운이 열리는지 사주식 징조 2개 3) 오늘 해야 할 행동 2개 4) 댓글 CTA. 자막은 컷별로 나눠 쓰고, 과장된 확정 표현은 피하면서도 기대감 있게 작성해.",6월 7일 원숭이띠 로또운 터진다,"월~금: 날짜/띠/재물/연애 반복, 토: TOP 순위형, 일: 개운법/명언형으로 저장 유도"
"띠별 찰떡궁합, 헤어진 뒤 연락 오는 띠, 6월 재회운 TOP, 월별 인연운","아래 썸네일 문구를 기준으로 인스타 릴스용 연애/재회운 대본을 만들어줘. 사주/띠/궁합 관점으로 풀되, 20~35초 안에 들어가게 컷별 자막을 작성해. 구조는 1) 강한 관계 후킹 2) 해당 띠/조건 3) 끌리는 이유 4) 조심할 포인트 5) 댓글 CTA. 마지막은 '내 띠 남기면 다음 편에 봐드릴게요' 식으로 끝내.",속궁합 너무 잘 맞아 절대 헤어질 수 없는 궁합 TOP10,"월~금: 날짜/띠/재물/연애 반복, 토: TOP 순위형, 일: 개운법/명언형으로 저장 유도"
"자식 덕 보는 띠, 말년에 호강하는 띠, 귀인 오는 띠, 2026년 대박띠","아래 주제로 인스타 릴스 순위형 대본을 만들어줘. 12지 띠를 활용하고 TOP10 또는 TOP5 형식으로 구성해. 각 순위는 짧은 이유 1문장만 붙이고, 1~3위는 조금 더 강하게 설명해. 썸네일 문구, 컷별 자막, 마지막 댓글 CTA까지 작성해.",자식 덕분에 말년에 호강하는 띠 순위,"월~금: 날짜/띠/재물/연애 반복, 토: TOP 순위형, 일: 개운법/명언형으로 저장 유도"
"오늘 돈 들어오는 사람, 지갑에 넣으면 좋은 것, 로또 사기 좋은 날, 재물운 막는 행동","아래 문구를 첫 화면 썸네일로 쓰고, 재물운/로또운 릴스 대본을 만들어줘. 사주 운세처럼 들리되 실천 행동을 꼭 넣어. 구성은 후킹 1문장, 돈운 징조 3개, 오늘 피해야 할 행동 1개, 오늘 해야 할 행동 2개, 댓글 CTA로 작성해.",월말 전에 돈 들어오는 사람,"월~금: 날짜/띠/재물/연애 반복, 토: TOP 순위형, 일: 개운법/명언형으로 저장 유도"
"나를 못 잊는 사람 사주, 재회 전조, 오래 가는 궁합, 피해야 할 인연","아래 제목을 기준으로 사주/궁합 관점의 인스타 릴스 대본을 써줘. 25~45초 분량이고, 감정 공감으로 시작해. 사주 조건 3개를 쉽게 풀고, 마지막에는 댓글로 상황을 남기게 유도해. 말투는 단정하지만 따뜻하게.",그 사람이 아직 나를 못 잊은 사주 신호,"월~금: 날짜/띠/재물/연애 반복, 토: TOP 순위형, 일: 개운법/명언형으로 저장 유도"
"현관 풍수, 지갑 풍수, 침대 위치, 돈운 막는 물건, 귀인운 여는 정리","아래 생활 풍수 주제로 인스타 릴스 대본을 만들어줘. 15~30초 분량으로, 첫 문장은 경고형 후킹으로 시작해. 왜 운이 막히는지 쉽게 설명하고 오늘 바로 할 행동 3개를 넣어. 마지막은 저장 CTA로 끝내.",집에 이 물건 있으면 재물운 막힙니다,"월~금: 날짜/띠/재물/연애 반복, 토: TOP 순위형, 일: 개운법/명언형으로 저장 유도"
"오늘 마음 운세, 나를 지켜주는 말, 인간관계 운세, 버려야 할 인연","아래 문장을 첫 후킹으로 삼아 인스타 감성 운세 릴스 대본을 만들어줘. 명언처럼 저장하고 싶게 쓰되, 중간에 사주/운세 해석을 2문장 넣어. 15~35초 컷별 자막으로 작성하고 마지막은 저장 CTA로 마무리해.",요즘 유난히 지친 사람에게 들어온 운,"월~금: 날짜/띠/재물/연애 반복, 토: TOP 순위형, 일: 개운법/명언형으로 저장 유도"
"돈복 있는 사주, 배우자복, 귀인복, 직업운, 사주에 강한 오행","아래 제목을 기준으로 사주 조건 분석형 릴스 대본을 만들어줘. 명리 용어는 나오되 반드시 쉬운 말로 해석해. 조건 3~5개, 현실에서 보이는 특징, 주의점, 댓글 CTA를 포함해 30~60초 분량의 컷별 자막으로 작성해.",돈복 있는 사주에 꼭 보이는 조건 5가지,"월~금: 날짜/띠/재물/연애 반복, 토: TOP 순위형, 일: 개운법/명언형으로 저장 유도"
