점검일,계정명,계정명 / 채널명,계정 URL,수집 상태,최근 표본수,최근 평균조회수,최근 중앙값,최근 최고조회수,최근 최저조회수,최근 최고 릴스 URL,업로드일,좋아요,댓글,사주 적합성,최근 잘나온 주제,최근 콘텐츠 결,영상 방식,썸네일/첫화면 문구,캡션/대본 핵심,CTA 방식,시리즈화 우선순위,추천 시리즈명,우리 채널 적용 방식,GPT 프롬프트,프롬프트 예시 입력,확인 방식/비고,최근 조회수 목록
2026-06-03,@taebaek_saju,"@taebaek_saju
사주장인ㅣ사주ㆍ궁합ㆍ재물운ㆍ건강운ㆍ직업운ㆍ신년운세 전문",https://www.instagram.com/taebaek_saju/reels/,profile_ok,18,39247,30000,143000,4060,https://www.instagram.com/taebaek_saju/reel/DX8nDk3T63C/,"taebaek_saju - May 4, 2026",466,826,적합,띠/생일 운세,댓글 키워드 유도 + DM 자동응답 전환 + 리스트/순위형 + 카드뉴스 슬라이드형,"세로 9:16 카드뉴스. 첫 장 큰 후킹, 2~7장 세부 조건, 마지막 장 CTA.",사족 장인 사주 taebaek_saju _saju 현침살 현침살() 있는 있는사람 사람 ර 올여름 직관이 예민함으로 바핍니다 이 신살은 갑() 신(.) 丑（卯） 오(뚜) 신() 이런 뽀족한 글자가 사주에 모일 때 생겨요 본인 일주에 이 글자 있으면 해당돼요 1/8 14답글·168좋아요> 14 답글 168 좋아요 >,"466 likes, 826 comments - taebaek_saju - May 4, 2026: ""💬 댓글에 ”본인 띠“만 남겨주세요.
2026년 입하부터 천을귀인을 만나
인생의 주인공으로 만개하는 띠에 대해 풀이하여,
DM으로 은밀히 보내드리겠습니다. 🙏

—
👇어떤 신호냐면👇

1. 가슴이 꽉 막힌 듯 답답하고 열이 위로 치밀어 오른다
2. 잠은 쏟아지는데 새벽 3시에 자꾸 깨서 천장만 본다
3. SNS 속 누군가가 미친 듯이 부럽고 동시에 미워진다
4. 거울 앞에서 한참을 서서 내 얼굴을 낯설게 들여다본다
5. 이대로 살다 늙어버리면 어쩌지 하는 두려움이 덮쳐온다
6. 머리도 화장도 옷도 다 갈아엎고 싶은 충동이 든다
7. 누군가에게 인정받고 사랑받고 싶다는 갈증이 폭발한다

—

이것은 당신 안에 잠들어 있던 불씨가 드디어 깨어나는 신호입니다.

2026년 병오년의 거대한 불길이 입하를 기점으로 본격 점화됩니다.

지금의 답답함은 우울이 아니라 만개 직전의 진통.

오랫동안 봉오리로 웅크렸던 당신이 드디어 꽃잎을 펼치는 중입니다.

입하의 햇살이 당신을 가렸던 그늘을 태우고, 숨겨둔 광채를 끌어냅니다.

엑스트라로 살던 시간은 끝났습니다.

당신은 무대 한가운데서 박수받을 팔자입니다.

—

🛑 잠깐, 이 일생일대의 만개 신호를 그냥 단순한 우울로 넘기시겠습니까?

지금 겪는 이 가슴이 미어지는 갈증은,
영양제 먹고 버텨낼 신호가 아닙니다.

당신의 사주팔자 속에 이 답답함을 화려한 무대로 바꾸는 정답이 있습니다.

🧧 프로필 링크에서 사주 상담중이니, 편히 문의주세요.

—

📜 지금 마음이 뜨거워졌다면 ’좋아요‘👍
📜 나중에 다시 보고 싶다면 ’저장‘💾
📜 지금 바로 함께 나누고 싶은 사람 있다면 ’공유‘📩
📜 다음 흐름까지 알고 싶다면
→ @taebaek_saju 팔로우…",댓글 키워드 | DM 자동응답 | 프로필 링크/상담 | 저장 | 공유 | 팔로우,중,오늘/이번달 띠별 운세 시리즈,"오늘/이번달 띠별 운세 시리즈로 주 3~5회 반복. 같은 구조에서 날짜, 띠, 일간, 상황 키워드만 바꿔 발행.","너는 사주 카드뉴스 릴스 작가다. 사용자가 입력한 썸네일 문구를 기준으로 8장짜리 9:16 카드뉴스 대본을 만든다. 1장은 12자 안팎의 강한 후킹, 2~6장은 해당 조건/띠/일간별 풀이, 7장은 주의점, 8장은 댓글 키워드와 저장 CTA로 작성하라.",사족 장인 사주 taebaek_saju _saju 현침살 현침살() 있는 있는사람 사람 ර 올여름 직관이…,VidIQ 앱은 로그인 필요. 본 행은 인스타 공개 릴스 그리드 최근 12개 안팎과 대표 릴스 상세 메타 기준.,"1. 3만 | https://www.instagram.com/taebaek_saju/reel/DZEqSZ4TDix/
2. 4,060 | https://www.instagram.com/taebaek_saju/reel/DZB8t19TqkG/
3. 4,393 | https://www.instagram.com/taebaek_saju/reel/DY3jyFlTNrF/
4. 2.1만 | https://www.instagram.com/taebaek_saju/reel/DYygGx7T1j1/
5. 4만 | https://www.instagram.com/taebaek_saju/reel/DYv11xuTS81/
6. 4.1만 | https://www.instagram.com/taebaek_saju/reel/DYtIEtYzDRG/
7. 1.5만 | https://www.instagram.com/taebaek_saju/reel/DYgWQ9Dzn53/
8. 4.5만 | https://www.instagram.com/taebaek_saju/reel/DYd-w5ozuNi/
9. 1.5만 | https://www.instagram.com/taebaek_saju/reel/DYbRwC7zxoV/
10. 2.6만 | https://www.instagram.com/taebaek_saju/reel/DYWIebbzHqx/
11. 3.9만 | https://www.instagram.com/taebaek_saju/reel/DYTtUnwTkaj/
12. 11.2만 | https://www.instagram.com/taebaek_saju/reel/DYQ1Gr3Tmif/"
2026-06-03,@yuhwa.flow,"@yuhwa.flow
유화사주 | 사주 • 연애 • 결혼 • 직업 • 재물 • 건강",https://www.instagram.com/yuhwa.flow/reels/,profile_ok,12,310857,92000,2675000,6604,https://www.instagram.com/yuhwa.flow/reel/DWf8FL1k4cv/,"yuhwa.flow - March 29, 2026",7429,1556,적합,풍수/개운법,댓글 키워드 유도 + DM 자동응답 전환 + 리스트/순위형,"첫 화면에 큰 운세 문구를 두고, 본문은 짧은 리스트 자막과 캡션 긴 풀이로 전환.",skini_talk님의 프로필 사진,"7,429 likes, 1,556 comments - yuhwa.flow - March 29, 2026: ""💬 댓글에 ""본인 띠""만 남겨주세요.
2026년 끊어내야만 하는 것들에 대해
풀이하여 은밀하게 보내드리겠습니다. 🙏

—

이런 신호가 있었다면
👇이미 착한 척이 복을 깎고 있는 겁니다👇

1. 올해 들어 남을 도와줬는데 돌아온 건 손해뿐이다
2. 양보했더니 오히려 내 자리가 사라졌다
3. 참고 배려했는데 상대는 고마운 줄도 모른다
4. 돈 빌려줬는데 연락이 끊겼다
5. 착하게 굴수록 이상하게 일이 꼬인다
6. 거절을 못해서 내 시간과 돈이 새고 있다
7. 남 눈치 보다가 올해 기회를 이미 하나 놓쳤다

—

👇해당 띠 확인하세요👇

🐑🐶 양띠 개띠, 겨울 봄생
(91, 03, 79, 94, 82년생)
인성운이 들어오는 해.
일해서 버는 게 아니라
앉아서 받는 시기.
당당하게 요구하고
뻔뻔하게 받으십시오.
괜한 동정심이 독입니다.

🐵🐔 원숭이띠 닭띠, 가을 겨울생
(92, 80, 93, 81년생)
관살이 들어오는 해.
겸손은 무능이고
건방짐이 무기입니다.
콧대를 높일수록
몸값이 올라갑니다.
욕먹을수록 유명해집니다.

🐭🐷 쥐띠 돼지띠, 가을 겨울생
(96, 84, 95, 83년생)
재성이 들어오는 해.
눈앞의 돈을 체면 차리다
놓치면 평생 후회합니다.
성과는 독차지하고
동업은 금물입니다.
돈 번 건 절대 입 밖에 내지 마십시오.

—

올해는 착한 사람이 복받는 해가 아닙니다.
자기 것을 지키고 챙기는 사람이
이기는 해입니다.
위 띠에 해당되면
올해만큼은 이기적으로 사십시오.
양보는 내년에 하면 됩니다.
올해 놓치면 돌아오지 않습니다.

—

🛑 잠깐, 이 풀이를 그냥 넘기시겠습니까?
위 내용은 띠별 큰 방향만을 짚은 것입니다.
같은 띠라도 사주 원국에 따라
독해져야 하는 영…",댓글 키워드 | DM 자동응답 | 프로필 링크/상담 | 저장 | 공유 | 팔로우,상,집/지갑/방향 개운 시리즈,"집/지갑/방향 개운 시리즈로 주 3~5회 반복. 같은 구조에서 날짜, 띠, 일간, 상황 키워드만 바꿔 발행.","너는 인스타 자동 DM 전환용 사주 릴스 작가다. 입력 문구를 기준으로 25~35초 릴스 대본을 작성하라. 구조는 첫 2초 후킹, 해당되는 신호 5개, 사주적 해석, 2026년 흐름 경고, 댓글 키워드 CTA, 프로필 상담 CTA 순서로 쓴다. 댓글 키워드는 사용자가 바로 따라 쓸 수 있게 2~5글자로 제안하라.",skini_talk님의 프로필 사진,VidIQ 앱은 로그인 필요. 본 행은 인스타 공개 릴스 그리드 최근 12개 안팎과 대표 릴스 상세 메타 기준.,"1. 1만 | https://www.instagram.com/yuhwa.flow/reel/DXV6Sdak0_c/
2. 9.2만 | https://www.instagram.com/yuhwa.flow/reel/DW3Geumk8oU/
3. 8,728 | https://www.instagram.com/yuhwa.flow/reel/DW0mecTk2ck/
4. 6,604 | https://www.instagram.com/yuhwa.flow/reel/DWx8tZkEz3G/
5. 8,660 | https://www.instagram.com/yuhwa.flow/reel/DWvdaH8k0J8/
6. 17.8만 | https://www.instagram.com/yuhwa.flow/reel/DWqEQBzEzZx/
7. 9.2만 | https://www.instagram.com/yuhwa.flow/reel/DWnUqCXk97v/
8. 32.8만 | https://www.instagram.com/yuhwa.flow/reel/DWlIy1eE1uP/
9. 267.5만 | https://www.instagram.com/yuhwa.flow/reel/DWf8FL1k4cv/
10. 9,289 | https://www.instagram.com/yuhwa.flow/reel/DT9y_JVE_5m/
11. 2.4만 | https://www.instagram.com/yuhwa.flow/reel/DSZay4VE4TM/
12. 29.8만 | https://www.instagram.com/yuhwa.flow/reel/DSW-Ckjk-TI/"
2026-06-03,@fate_mate_peek,"@fate_mate_peek
궁궁해",https://www.instagram.com/fate_mate_peek/reels/,profile_ok,18,104222,70000,497000,15000,https://www.instagram.com/fate_mate_peek/reel/DRE234_ERqI/,"fate_mate_peek - November 15, 2025",2360,330,비사주/참고만,비사주 바이럴/테스트형,댓글 키워드 유도 + 리스트/순위형 + 참여형 테스트,참여형 테스트 화면. 선택/점수/조회형 UI처럼 보여 클릭과 댓글 반응 유도.,an image of text.,"2,360 likes, 330 comments - fate_mate_peek - November 15, 2025: ""나의 눈건강은? 초간단 난시테스트!

#난시테스트 #눈건강",댓글 키워드 | 팔로우,낮음,참여형 테스트 포맷 참고,"참여형 테스트 포맷 참고로 주 3~5회 반복. 같은 구조에서 날짜, 띠, 일간, 상황 키워드만 바꿔 발행.","너는 사주 인스타 릴스 기획자다. 사용자가 입력한 테스트형 후킹을 사주/운세 주제로 바꿔라. 구성은 1) 첫 화면 질문 2) 선택지/조건 3) 결과 3가지 4) 댓글 키워드 CTA 5) 상담 전환 문구. 비사주 소재는 그대로 쓰지 말고 사주, 띠, 일간, 재물운, 연애운 중 하나로 치환하라.",an image of text.,VidIQ 앱은 로그인 필요. 본 행은 인스타 공개 릴스 그리드 최근 12개 안팎과 대표 릴스 상세 메타 기준.,"1. 6만 | https://www.instagram.com/fate_mate_peek/reel/DZCTBU1Rldj/
2. 10.7만 | https://www.instagram.com/fate_mate_peek/reel/DYzY0F3TBHG/
3. 3.9만 | https://www.instagram.com/fate_mate_peek/reel/DYmnMd4RD5n/
4. 17만 | https://www.instagram.com/fate_mate_peek/reel/DYe0rLZRbmp/
5. 12.6만 | https://www.instagram.com/fate_mate_peek/reel/DYaxzd2TPmG/
6. 5.6만 | https://www.instagram.com/fate_mate_peek/reel/DWkkoRJk62V/
7. 2.7만 | https://www.instagram.com/fate_mate_peek/reel/DWfhRQEEQbL/
8. 3.5만 | https://www.instagram.com/fate_mate_peek/reel/DSbUDJZE3Rj/
9. 10만 | https://www.instagram.com/fate_mate_peek/reel/DRZhHzVEfgP/
10. 14.2만 | https://www.instagram.com/fate_mate_peek/reel/DRKFF4mEQxM/
11. 49.7만 | https://www.instagram.com/fate_mate_peek/reel/DRE234_ERqI/
12. 7만 | https://www.instagram.com/fate_mate_peek/reel/DQghXBakaot/"
2026-06-03,@wise.saying77,"@wise.saying77
현인의 명언 | 풍수 운세 사주",https://www.instagram.com/wise.saying77/reels/,profile_ok,18,268685,15000,2144000,372,https://www.instagram.com/wise.saying77/reel/DQ5jRJuCgD3/,"wise.saying77 - November 10, 2025",7145,4002,적합,띠/생일 운세,댓글 키워드 유도 + 리스트/순위형,"큰 자막 중심 텍스트 릴스. 배경은 단색, 실사 배경, 또는 간단한 운세 이미지.",운과 복이 붙는 집안 특징 1. 항상 화기애애 2. 집안이 늘 환함 3. 환기를 자주함 4. 물건이 늘 제자리에 있음 5. 필요없는 물건은 과감하게 정리 부자들의 특징입니다 @현인의 명언,"7,145 likes, 4,002 comments - wise.saying77 - November 10, 2025: ""대운은 인생의 큰 흐름을 바꾸는 운의 주기를 말합니다.

보통 10년 단위로 바뀌는 인생의 큰 기운을 의미하지요.

대운이 바뀔 때는 인생의 환경, 기회, 인간관계, 재물의 흐름이 크게 변할 수 있습니다.

26년에 대운의 흐름이 찾아오는 세띠는, 남은 을사년을 잘 보내시기 바랍니다.

#대운 #띠별운세",댓글 키워드 | 팔로우,상,오늘/이번달 띠별 운세 시리즈,"오늘/이번달 띠별 운세 시리즈로 주 3~5회 반복. 같은 구조에서 날짜, 띠, 일간, 상황 키워드만 바꿔 발행.","너는 사주 숏폼 기획자다. 입력한 후킹 문구를 기준으로 20~30초 릴스 대본을 만든다. 첫 문장은 단정하고 강하게, 중간은 조건/띠/상황 리스트, 끝은 저장/댓글/팔로우 CTA로 마무리하라.",운과 복이 붙는 집안 특징 1. 항상 화기애애 2. 집안이 늘 환함 3. 환기를 자주함 4. 물건이 늘 제…,VidIQ 앱은 로그인 필요. 본 행은 인스타 공개 릴스 그리드 최근 12개 안팎과 대표 릴스 상세 메타 기준.,"1. 169.7만 | https://www.instagram.com/wise.saying77/reel/DRymEH9ipWw/
2. 214.4만 | https://www.instagram.com/wise.saying77/reel/DQ5jRJuCgD3/
3. 79.1만 | https://www.instagram.com/wise.saying77/reel/DACyjcRKrAE/
4. 372 | https://www.instagram.com/wise.saying77/reel/DZHKDJJqr6O/
5. 6,581 | https://www.instagram.com/wise.saying77/reel/DZFTINyP7Cl/
6. 1.9만 | https://www.instagram.com/wise.saying77/reel/DZFSX6fKjYL/
7. 3,867 | https://www.instagram.com/wise.saying77/reel/DZERt3HqjiO/
8. 2.6만 | https://www.instagram.com/wise.saying77/reel/DZEQjH-Ko7o/
9. 8,064 | https://www.instagram.com/wise.saying77/reel/DZEOMXTKxcl/
10. 1.1만 | https://www.instagram.com/wise.saying77/reel/DZCuzgSKnN7/
11. 1.2만 | https://www.instagram.com/wise.saying77/reel/DZCqf6wvgT1/
12. 2.1만 | https://www.instagram.com/wise.saying77/reel/DZB73RIRjVW/"
2026-06-03,@ys_mind_life,"@ys_mind_life
기막힌운세",https://www.instagram.com/ys_mind_life/reels/,no_recent_reels_found,0,0,0,0,0,,,,,비사주/참고만,비사주 바이럴/테스트형,텍스트 카드형,"큰 자막 중심 텍스트 릴스. 배경은 단색, 실사 배경, 또는 간단한 운세 이미지.",,,확인 필요,낮음,참여형 테스트 포맷 참고,"참여형 테스트 포맷 참고로 주 3~5회 반복. 같은 구조에서 날짜, 띠, 일간, 상황 키워드만 바꿔 발행.","너는 사주 인스타 릴스 기획자다. 사용자가 입력한 테스트형 후킹을 사주/운세 주제로 바꿔라. 구성은 1) 첫 화면 질문 2) 선택지/조건 3) 결과 3가지 4) 댓글 키워드 CTA 5) 상담 전환 문구. 비사주 소재는 그대로 쓰지 말고 사주, 띠, 일간, 재물운, 연애운 중 하나로 치환하라.",댓글에 본인 띠 남기면 2026년 운세 풀이,VidIQ 앱은 로그인 필요. 본 행은 인스타 공개 릴스 그리드 최근 12개 안팎과 대표 릴스 상세 메타 기준.,
2026-06-03,@sajunaru,"@sajunaru
사주 신점 타로 운세 • 사주나루",https://www.instagram.com/sajunaru/reels/,profile_ok,18,164441,20000,1052000,1793,https://www.instagram.com/sajunaru/reel/C6gIOIgqkKZ/,"sajunaru - May 3, 2024",8259,93,적합,사주 조건/명리 분석,댓글 키워드 유도,"큰 자막 중심 텍스트 릴스. 배경은 단색, 실사 배경, 또는 간단한 운세 이미지.",전화운세 1위 01thJune2026 01thJune 01th June 2026 NARU 연애를 짧게 연애를짧게하는 하는 오행으로 풀이하는 사주.OP5 사주 TOP5 2026년 6월 운세 나루 나루크로스워드 FAQ: FAQ:현시점 현시점 사주의정확도는 AI 사주의 정확도는 어느정도일까? 어느 태어난 달로 풀 하는,"8,259 likes, 93 comments - sajunaru - May 3, 2024: ""사주 볼 때
절대 잊으면 안되는 질문 Top3
이 계정 팔로우 및 릴스 저장해두시고 절대 놓치지 마세요!

@@ 사주 볼 때 꼭 확인행!!

+++ 많은 분들 요청으로 사주 볼 때 뽕뽑는 질문 top3 2탄도 준비했습니다!
저희 채널 오시면 바로 확인하실 수 있습니다 :)",댓글 키워드 | 저장 | 팔로우,상,내 사주 조건 체크 시리즈,"내 사주 조건 체크 시리즈로 주 3~5회 반복. 같은 구조에서 날짜, 띠, 일간, 상황 키워드만 바꿔 발행.","너는 사주 숏폼 기획자다. 입력한 후킹 문구를 기준으로 20~30초 릴스 대본을 만든다. 첫 문장은 단정하고 강하게, 중간은 조건/띠/상황 리스트, 끝은 저장/댓글/팔로우 CTA로 마무리하라.",전화운세 1위 01thJune2026 01thJune 01th June 2026 NARU 연애를 짧게 연애…,VidIQ 앱은 로그인 필요. 본 행은 인스타 공개 릴스 그리드 최근 12개 안팎과 대표 릴스 상세 메타 기준.,"1. 105.2만 | https://www.instagram.com/sajunaru/reel/C6gIOIgqkKZ/
2. 1,793 | https://www.instagram.com/sajunaru/reel/DXoLxygCkB0/
3. 4,463 | https://www.instagram.com/sajunaru/reel/DXWP4mKCi66/
4. 3,909 | https://www.instagram.com/sajunaru/reel/DXOdzfMifLI/
5. 7,186 | https://www.instagram.com/sajunaru/reel/DWyPlFjil58/
6. 7,325 | https://www.instagram.com/sajunaru/reel/DWgRwTcChut/
7. 4.9만 | https://www.instagram.com/sajunaru/reel/DWOQgHgClRg/
8. 1.4만 | https://www.instagram.com/sajunaru/reel/DV7w2EnCnLn/
9. 6.8만 | https://www.instagram.com/sajunaru/reel/DVqIuLmimL_/
10. 4,269 | https://www.instagram.com/sajunaru/reel/DVdPa5fCk5m/
11. 1만 | https://www.instagram.com/sajunaru/reel/DVGGDsFCqu8/
12. 5.3만 | https://www.instagram.com/sajunaru/reel/DU2YC5-ktAA/"
2026-06-03,@cheon_unse,"@cheon_unse
청운운세 - 청운당",https://www.instagram.com/cheon_unse/reels/,profile_ok,18,183855,7662,1545000,2710,https://www.instagram.com/cheon_unse/reel/DWXV8iSiMP9/,"cheon_unse - March 26, 2026",4585,933,적합,띠/생일 운세,댓글 키워드 유도,"첫 화면에 큰 운세 문구를 두고, 본문은 짧은 리스트 자막과 캡션 긴 풀이로 전환.",skini_talk님의 프로필 사진,"4,585 likes, 933 comments - cheon_unse - March 26, 2026: ""천복을 타고난 음력 생일은 따로 있습니다.

사주에서는 태어난 날짜에 따라
타고난 복의 크기 자체가 다르게 들어온다고 봅니다.

특정 날짜는
노력 이상의 결과가 따라붙고
막힐 듯하다가도 결국 풀리는 흐름을 가집니다.

이건 단순한 운이 아니라
애초에 복을 깔고 태어난 구조입니다.

그래서 인생을 보면
고비는 있어도 완전히 무너지지 않고
결국 다시 올라가는 특징이 있습니다.

이번 영상에 해당된다면
이미 강한 천복이 들어와 있는 사주입니다.

점사 확인해 보시고 댓글에 ""천복받아갑니다"" 쓰고 복받아가세요^^

#천복​ #사주​ #음력생일​ #재물운​ #운세",댓글 키워드 | 팔로우,상,오늘/이번달 띠별 운세 시리즈,"오늘/이번달 띠별 운세 시리즈로 주 3~5회 반복. 같은 구조에서 날짜, 띠, 일간, 상황 키워드만 바꿔 발행.","너는 사주 숏폼 기획자다. 입력한 후킹 문구를 기준으로 20~30초 릴스 대본을 만든다. 첫 문장은 단정하고 강하게, 중간은 조건/띠/상황 리스트, 끝은 저장/댓글/팔로우 CTA로 마무리하라.",skini_talk님의 프로필 사진,VidIQ 앱은 로그인 필요. 본 행은 인스타 공개 릴스 그리드 최근 12개 안팎과 대표 릴스 상세 메타 기준.,"1. 8,552 | https://www.instagram.com/cheon_unse/reel/DWr04njiLBf/
2. 4,105 | https://www.instagram.com/cheon_unse/reel/DWlNbvECEai/
3. 10.2만 | https://www.instagram.com/cheon_unse/reel/DWi8VQ2CHKN/
4. 1.2만 | https://www.instagram.com/cheon_unse/reel/DWgA1BaCKrv/
5. 3,491 | https://www.instagram.com/cheon_unse/reel/DWcOGnYCF_Z/
6. 36.6만 | https://www.instagram.com/cheon_unse/reel/DWbYA9VCA-f/
7. 154.5만 | https://www.instagram.com/cheon_unse/reel/DWXV8iSiMP9/
8. 120.2만 | https://www.instagram.com/cheon_unse/reel/DWWKZCriHyQ/
9. 4,963 | https://www.instagram.com/cheon_unse/reel/DWU1BWACE9G/
10. 4,495 | https://www.instagram.com/cheon_unse/reel/DWSPju3iPOT/
11. 3,701 | https://www.instagram.com/cheon_unse/reel/DWQbplAiEmO/
12. 5,186 | https://www.instagram.com/cheon_unse/reel/DWOIDPgiDGv/"
2026-06-03,@sabo_saju,"@sabo_saju
서동인 | 사보사주(사주보이)",https://www.instagram.com/sabo_saju/reels/,profile_ok,18,130094,21000,1357000,4577,https://www.instagram.com/sabo_saju/reel/DW8URLGEbPn/,"sabo_saju - April 10, 2026",1753,175,적합,연애/궁합/재회운,댓글 키워드 유도 + 리스트/순위형,"큰 자막 중심 텍스트 릴스. 배경은 단색, 실사 배경, 또는 간단한 운세 이미지.",skini_talk님의 프로필 사진,"1,753 likes, 175 comments - sabo_saju - April 10, 2026: ""#결혼 #궁합 #사주팔자 #상향혼 #행복",댓글 키워드 | 팔로우,상,연애 팔자 경고 시리즈,"연애 팔자 경고 시리즈로 주 3~5회 반복. 같은 구조에서 날짜, 띠, 일간, 상황 키워드만 바꿔 발행.","너는 사주 숏폼 기획자다. 입력한 후킹 문구를 기준으로 20~30초 릴스 대본을 만든다. 첫 문장은 단정하고 강하게, 중간은 조건/띠/상황 리스트, 끝은 저장/댓글/팔로우 CTA로 마무리하라.",skini_talk님의 프로필 사진,VidIQ 앱은 로그인 필요. 본 행은 인스타 공개 릴스 그리드 최근 12개 안팎과 대표 릴스 상세 메타 기준.,"1. 4.1만 | https://www.instagram.com/sabo_saju/reel/DYjboGUxxOW/
2. 30만 | https://www.instagram.com/sabo_saju/reel/DYWvBTMxP9K/
3. 2만 | https://www.instagram.com/sabo_saju/reel/DYT4pNqxaSC/
4. 8,871 | https://www.instagram.com/sabo_saju/reel/DYEdFkaxqnV/
5. 2.1만 | https://www.instagram.com/sabo_saju/reel/DX8PTCaPmPu/
6. 8,046 | https://www.instagram.com/sabo_saju/reel/DX6SiykxjF_/
7. 1.2만 | https://www.instagram.com/sabo_saju/reel/DXyRu8ARK78/
8. 6,881 | https://www.instagram.com/sabo_saju/reel/DXl3W49EQvl/
9. 2.1만 | https://www.instagram.com/sabo_saju/reel/DXdbqNuEVWg/
10. 4,577 | https://www.instagram.com/sabo_saju/reel/DXTegZ2EZuf/
11. 2.6만 | https://www.instagram.com/sabo_saju/reel/DXQthGPke-X/
12. 3.2만 | https://www.instagram.com/sabo_saju/reel/DXL1tE5kevM/"
2026-06-03,@saju.myungdang,@saju.myungdang,https://www.instagram.com/saju.myungdang/reels/,profile_ok,12,70350,37000,320000,2019,https://www.instagram.com/saju.myungdang/reel/DSHgucPkcZ4/,"saju.myungdang - December 11, 2025",158,280,적합,풍수/개운법,댓글 키워드 유도 + DM 자동응답 전환 + 리스트/순위형,"첫 화면에 큰 운세 문구를 두고, 본문은 짧은 리스트 자막과 캡션 긴 풀이로 전환.",skini_talk님의 프로필 사진,"158 likes, 280 comments - saju.myungdang - December 11, 2025: ""💬 댓글에 ‘본인 띠’만 남겨주세요.

밤에 잠자리 속궁합이 미치도록 좋은 궁합의
주인공들에 대해 풀이하여 DM으로 안내드릴게요. 🙏

—

본문에는 정답 말고,
대신 이런 힌트만 남겨둘게요.

🐎 힌트 1 몸의 리듬과 속도가 완벽히 일치하는 궁합. 말보다 호흡으로 통하고, 밤을 보내고 나면 오히려 기운이 펄펄 살아나서 일까지 잘 풀립니다. 서로가 서로에게 최고의 '에너지 충전기'가 되는 타입이에요.

🐰 힌트 2 닿는 순간 긴장이 탁 풀리면서 무장해제 되는 사이. 서로가 세상의 도피처 같아서, 한 번 깊어지면 중독처럼 끊을 수 없는 '마약 같은' 안정감을 줍니다. 욕망과 위로가 동시에 채워지는 힐링 궁합입니다.

🐲 힌트 3 만나면 공기부터 달아오르는 '호기심 천국'. 장난기와 열정이 동시에 터져서 지루할 틈이 없어요. 새로운 시도가 자연스럽고, 끝없이 탐색하며 권태기 없이 불타오르는 관계입니다.

🐍 힌트 4 눈빛만으로 서로를 발가벗기는 듯한 '고밀도' 궁합. 말수는 줄어들지만 몰입도는 최강입니다. 서로의 작은 반응 하나도 놓치지 않는 섬세함으로 영혼까지 털리는 듯한 깊은 여운을 남깁니다.

🐶 힌트 5 거침없이 타오르는 '직진' 타입. 머리 굴리지 않고 몸으로 부딪히며 스트레스를 날려버립니다. 답답했던 감정이 뚫리고, 격정적인 시간 뒤에 신뢰가 단단하게 쌓이는 화끈한 동지애가 생겨요.

—

📅 밤의 기운을 다루는 법

🔗 몸이 강하게 반응한다면 머리로 막지 말고 본능을 따르세요. 이성이 마비되는 끌림은, 운명이 보낸 강렬한 신호입니다.

⚠ 속궁합이 너무 좋을 때 집착이 강해질 수 있습니다. 서로의 사생활을 존중해야 이 뜨거운 불꽃이 오래 유지됩니다.

🌸 다투고…",댓글 키워드 | DM 자동응답 | 저장 | 공유 | 팔로우,중,집/지갑/방향 개운 시리즈,"집/지갑/방향 개운 시리즈로 주 3~5회 반복. 같은 구조에서 날짜, 띠, 일간, 상황 키워드만 바꿔 발행.","너는 인스타 자동 DM 전환용 사주 릴스 작가다. 입력 문구를 기준으로 25~35초 릴스 대본을 작성하라. 구조는 첫 2초 후킹, 해당되는 신호 5개, 사주적 해석, 2026년 흐름 경고, 댓글 키워드 CTA, 프로필 상담 CTA 순서로 쓴다. 댓글 키워드는 사용자가 바로 따라 쓸 수 있게 2~5글자로 제안하라.",skini_talk님의 프로필 사진,VidIQ 앱은 로그인 필요. 본 행은 인스타 공개 릴스 그리드 최근 12개 안팎과 대표 릴스 상세 메타 기준.,"1. 2.7만 | https://www.instagram.com/saju.myungdang/reel/DXV73uQEaD7/
2. 2,019 | https://www.instagram.com/saju.myungdang/reel/DW3HQSSETQl/
3. 6.4만 | https://www.instagram.com/saju.myungdang/reel/DW0nEE7kSee/
4. 17.8만 | https://www.instagram.com/saju.myungdang/reel/DWx9lBhEd_0/
5. 2,701 | https://www.instagram.com/saju.myungdang/reel/DWveSRiEV1t/
6. 9.4만 | https://www.instagram.com/saju.myungdang/reel/DWqGIeJkbCj/
7. 2,045 | https://www.instagram.com/saju.myungdang/reel/DWlJcumiRJx/
8. 2,479 | https://www.instagram.com/saju.myungdang/reel/DWf_3v5EST8/
9. 6,960 | https://www.instagram.com/saju.myungdang/reel/DT90plkkRQL/
10. 3.7만 | https://www.instagram.com/saju.myungdang/reel/DSZZgaukUpi/
11. 10.8만 | https://www.instagram.com/saju.myungdang/reel/DSR5I1ukeEz/
12. 32만 | https://www.instagram.com/saju.myungdang/reel/DSHgucPkcZ4/"
2026-06-03,@aeonghee,"@aeonghee
AEONGHEETOON_애옹희_사주/명리툰",https://www.instagram.com/aeonghee/reels/,profile_ok,18,126937,15000,1191000,4266,https://www.instagram.com/aeonghee/reel/DYEf7diT3Ts/,"aeonghee - May 8, 2026",7721,311,적합,사주 조건/명리 분석,댓글 키워드 유도,"큰 자막 중심 텍스트 릴스. 배경은 단색, 실사 배경, 또는 간단한 운세 이미지.",사주 신살 주신살도감 도감 예약판매 OPEN 당신의 당신의고민에 고민에 전브활스풍은처합합니다 허합합니다 애용희의 사주 에세이 첫 출간 사주 신살 도강 매유화(생관지품 메음희 당신의 고민에,"7,721 likes, 311 comments - aeonghee - May 8, 2026: ""💖두근두근 사주밸런스 게임💖
전국에 있는 박씨에게 죄송합니다ㅋㅋ",댓글 키워드 | 팔로우,상,내 사주 조건 체크 시리즈,"내 사주 조건 체크 시리즈로 주 3~5회 반복. 같은 구조에서 날짜, 띠, 일간, 상황 키워드만 바꿔 발행.","너는 사주 숏폼 기획자다. 입력한 후킹 문구를 기준으로 20~30초 릴스 대본을 만든다. 첫 문장은 단정하고 강하게, 중간은 조건/띠/상황 리스트, 끝은 저장/댓글/팔로우 CTA로 마무리하라.",사주 신살 주신살도감 도감 예약판매 OPEN 당신의 당신의고민에 고민에 전브활스풍은처합합니다 허합합니다 애…,VidIQ 앱은 로그인 필요. 본 행은 인스타 공개 릴스 그리드 최근 12개 안팎과 대표 릴스 상세 메타 기준.,"1. 1.4만 | https://www.instagram.com/aeonghee/reel/DY6spgXzcit/
2. 7.2만 | https://www.instagram.com/aeonghee/reel/DYoklYSzqn_/
3. 5.3만 | https://www.instagram.com/aeonghee/reel/DYWqgTLT2WW/
4. 119.1만 | https://www.instagram.com/aeonghee/reel/DYEf7diT3Ts/
5. 4,266 | https://www.instagram.com/aeonghee/reel/DX_KBPRTYUp/
6. 5.5만 | https://www.instagram.com/aeonghee/reel/DXynEC8zhpz/
7. 8,250 | https://www.instagram.com/aeonghee/reel/DXgseAlk-sw/
8. 1.5만 | https://www.instagram.com/aeonghee/reel/DXOm3tQk0IA/
9. 9,300 | https://www.instagram.com/aeonghee/reel/DW8fbvlEy9-/
10. 9,915 | https://www.instagram.com/aeonghee/reel/DWqf8eHEznJ/
11. 2.8만 | https://www.instagram.com/aeonghee/reel/DWYfIszkxXl/
12. 65.7만 | https://www.instagram.com/aeonghee/reel/DWGcfSIkzLS/"
2026-06-03,@27saju,"@27saju
인생사주",https://www.instagram.com/27saju/reels/,profile_ok,18,115031,24000,1134000,8243,https://www.instagram.com/27saju/reel/DW6vWkIgTy4/,"27saju - April 9, 2026",,,적합,연애/궁합/재회운,댓글 키워드 유도 + 리스트/순위형,"첫 화면에 큰 운세 문구를 두고, 본문은 짧은 리스트 자막과 캡션 긴 풀이로 전환.",skini_talk님의 프로필 사진,"15K likes, 8,612 comments - 27saju - April 9, 2026: ""신기(神氣) 있는 사람만 겪는 7가지 현상

신기(神氣)가 있는 사람만 겪는 7가지 특징, 당신은 몇 개나 해당되시나요? 👁️

어릴 때부터 남들과 다른 감각으로 혼란스러우셨던 분들, 
그건 이상한 게 아니라 하늘이 주신 선물일 수 있습니다.

✔️ 사람 많은 곳에서 유독 진이 빠지는 분
✔️ 꿈이 자주 맞는 분
✔️ 새벽 3시~5시에 자꾸 깨는 분
✔️ 이유 없이 귀에서 '삐-' 소리가 들리는 분
✔️ 동물과 아이들이 유난히 따르는 분

이 중 4개 이상 해당되시면 댓글에 꼭 남겨주세요.

생년월일시만 보는 기계식 사주가 아닙니다.
당신의 MBTI, 지금 처한 상황, 구체적인 고민까지
1:1 심층 맞춤 분석으로 풀어드립니다.

📌 사주분석 신청 
👉 www.27saju.com
👉 프로필 링크 클릭

💬 댓글에 [생년월일시 + 성별 + 짧은 고민] 
남겨주시면 무료로 짧게 풀어드립니다.

━━━━━━━━━━━━━━━━━━

#신기 #신기있는사람 #사주 #사주풀이 #무속 #영적능력 
#예지몽 #새벽3시 #인생사주 #사주팔자 #운세 #토정비결 
#무당 #점집 #사찰사주 #신점 #사주상담 #운명 #팔자 
#30대여자 #40대여자 #50대여자 #자기계발 #영성 #직관",댓글 키워드 | 프로필 링크/상담 | 팔로우,상,연애 팔자 경고 시리즈,"연애 팔자 경고 시리즈로 주 3~5회 반복. 같은 구조에서 날짜, 띠, 일간, 상황 키워드만 바꿔 발행.","너는 사주 숏폼 기획자다. 입력한 후킹 문구를 기준으로 20~30초 릴스 대본을 만든다. 첫 문장은 단정하고 강하게, 중간은 조건/띠/상황 리스트, 끝은 저장/댓글/팔로우 CTA로 마무리하라.",skini_talk님의 프로필 사진,VidIQ 앱은 로그인 필요. 본 행은 인스타 공개 릴스 그리드 최근 12개 안팎과 대표 릴스 상세 메타 기준.,"1. 113.4만 | https://www.instagram.com/27saju/reel/DW6vWkIgTy4/
2. 23.1만 | https://www.instagram.com/27saju/reel/DWgZV8egShB/
3. 19만 | https://www.instagram.com/27saju/reel/DXsn3e-gU9K/
4. 8,243 | https://www.instagram.com/27saju/reel/DZCsgH_zYXd/
5. 2.9만 | https://www.instagram.com/27saju/reel/DY9FEEyxUWc/
6. 9,349 | https://www.instagram.com/27saju/reel/DY7It5rzH3w/
7. 1.8만 | https://www.instagram.com/27saju/reel/DY4VpFwTTes/
8. 1.3만 | https://www.instagram.com/27saju/reel/DYzUeLFTual/
9. 5.8만 | https://www.instagram.com/27saju/reel/DYwq8egzj73/
10. 3.7만 | https://www.instagram.com/27saju/reel/DYrYzx-BLf0/
11. 4.7만 | https://www.instagram.com/27saju/reel/DYMGB7FBSy8/
12. 19.9만 | https://www.instagram.com/27saju/reel/DYCAU05hVIC/"
2026-06-03,@forceteller_official,@forceteller_official,https://www.instagram.com/forceteller_official/reels/,profile_ok,18,120998,18000,1080000,6596,https://www.instagram.com/forceteller_official/reel/DQLs0ejkVZy/,"forceteller_official - October 23, 2025",1682,40,적합,띠/생일 운세,댓글 키워드 유도 + 리스트/순위형,"큰 자막 중심 텍스트 릴스. 배경은 단색, 실사 배경, 또는 간단한 운세 이미지.",FORCETELLER 태어난 달로 보는 6월운세 6월 운세 재살 4·8`12월 월 12 장성살2·6`10월 장성살 2·6·10월 1·5•9월 도하살 육해살 3·7`11월 ※ 양력 기준입니다.,"1,682 likes, 40 comments - forceteller_official - October 23, 2025: ""2026년에 연애운 들어오는 띠 3가지",댓글 키워드 | 팔로우,상,오늘/이번달 띠별 운세 시리즈,"오늘/이번달 띠별 운세 시리즈로 주 3~5회 반복. 같은 구조에서 날짜, 띠, 일간, 상황 키워드만 바꿔 발행.","너는 사주 숏폼 기획자다. 입력한 후킹 문구를 기준으로 20~30초 릴스 대본을 만든다. 첫 문장은 단정하고 강하게, 중간은 조건/띠/상황 리스트, 끝은 저장/댓글/팔로우 CTA로 마무리하라.",FORCETELLER 태어난 달로 보는 6월운세 6월 운세 재살 4·8`12월 월 12 장성살2·6`10월…,VidIQ 앱은 로그인 필요. 본 행은 인스타 공개 릴스 그리드 최근 12개 안팎과 대표 릴스 상세 메타 기준.,"1. 5.9만 | https://www.instagram.com/forceteller_official/reel/DYwRdGYFZXy/
2. 78.6만 | https://www.instagram.com/forceteller_official/reel/DTzjh64DMXv/
3. 108만 | https://www.instagram.com/forceteller_official/reel/DQLs0ejkVZy/
4. 6,596 | https://www.instagram.com/forceteller_official/reel/DZFMDP0gl1I/
5. 8,470 | https://www.instagram.com/forceteller_official/reel/DZE33DNDejb/
6. 1만 | https://www.instagram.com/forceteller_official/reel/DZCnVwNiAEs/
7. 1.2만 | https://www.instagram.com/forceteller_official/reel/DZCZiulASR6/
8. 1.8만 | https://www.instagram.com/forceteller_official/reel/DZCS9ORidIs/
9. 9,842 | https://www.instagram.com/forceteller_official/reel/DY646aLj0De/
10. 8,064 | https://www.instagram.com/forceteller_official/reel/DY6454DjaMU/
11. 1.1만 | https://www.instagram.com/forceteller_official/reel/DY642HxCi0E/
12. 1.5만 | https://www.instagram.com/forceteller_official/reel/DY6rITtDz7W/"
2026-06-03,@dohwadore_life_reader,"@dohwadore_life_reader
사주팔자 쉽게 풀어주는 남자ㅣ도화도르",https://www.instagram.com/dohwadore_life_reader/reels/,profile_ok,18,279333,209000,958000,44000,https://www.instagram.com/dohwadore_life_reader/reel/DY_8JMKz-u8/,"dohwadore_life_reader - May 31, 2026",,,적합,재물/로또운,댓글 키워드 유도 + 리스트/순위형,"첫 화면에 큰 운세 문구를 두고, 본문은 짧은 리스트 자막과 캡션 긴 풀이로 전환.","an illustration of poster, magazine and text.","5,691 likes, 24K comments - dohwadore_life_reader - May 31, 2026: ""🔥 26년 6월, 가장 강한 화 기운만큼 운이 좋은 사람들(더보기)

🔖댓글에 '갑오' 남기시면 유형별 6월 운세 자료 보내드릴게요!

✅이번 6월이 특히 포인트가 되는 사주
(한자가 익숙치 않으면, 아래 버튼 클릭해 주세요!)

일간 : 庚 辛 壬 癸

2026 병오년 중에서도 양력 6월은 오행 '화'의 기운이 한 해에서 가장 절정에 달하는 시기예요.

이미 우리가 26년에 겪고 있는 여러 사회 현상들이 있는데요, 이게 개인의 사주로 들어오면 조금 이야기가 달라집니다.

✦화의 기운이 강해질 때, 흐름이 괜찮은 사주

-사주에 수가 많은 분
-사주에 금이 많은 분
-경금, 신금, 임수, 계수 일간

강한 화를 다루고 지지고 볶을 수 있는 금·수가 쓰이는 환경이 만들어지기 때문이에요.

✦단, 화가 강해진다고 마냥 좋기만 한 건 아니에요

사주 유형에 따라 같은 6월이어도
-갑자기 돈이 나갈 수도
-몸이 아플 수도
-인연이 정리될 수도

있어서, 내 유형이 어디에 속하는지 미리 살펴두는 게 좋아요.

올 한 해 흐름의 핵심이 되는 6월, 같이 잘 지내봐요👊🏻

#사주 #2026운세 #병오년 #6월운세 #화기운",댓글 키워드 | 팔로우,상,돈 들어오는 띠/일간 시리즈,"돈 들어오는 띠/일간 시리즈로 주 3~5회 반복. 같은 구조에서 날짜, 띠, 일간, 상황 키워드만 바꿔 발행.","너는 사주 숏폼 기획자다. 입력한 후킹 문구를 기준으로 20~30초 릴스 대본을 만든다. 첫 문장은 단정하고 강하게, 중간은 조건/띠/상황 리스트, 끝은 저장/댓글/팔로우 CTA로 마무리하라.","an illustration of poster, magazine and text.",VidIQ 앱은 로그인 필요. 본 행은 인스타 공개 릴스 그리드 최근 12개 안팎과 대표 릴스 상세 메타 기준.,"1. 95.8만 | https://www.instagram.com/dohwadore_life_reader/reel/DY_8JMKz-u8/
2. 50.6만 | https://www.instagram.com/dohwadore_life_reader/reel/DU2Tro0jxWd/
3. 58.6만 | https://www.instagram.com/dohwadore_life_reader/reel/DUxUsb5D3NL/
4. 18.5만 | https://www.instagram.com/dohwadore_life_reader/reel/DZFIZaVvGdG/
5. 9.7만 | https://www.instagram.com/dohwadore_life_reader/reel/DYZCc_fhPJb/
6. 15.2만 | https://www.instagram.com/dohwadore_life_reader/reel/DYMV5oIB9r1/
7. 4.4만 | https://www.instagram.com/dohwadore_life_reader/reel/DYHSnEpBhIQ/
8. 20.9만 | https://www.instagram.com/dohwadore_life_reader/reel/DX1EXVOPvot/
9. 12.4만 | https://www.instagram.com/dohwadore_life_reader/reel/DXZD2F_j23n/
10. 16.5만 | https://www.instagram.com/dohwadore_life_reader/reel/DXT4NvOD-5y/
11. 17.8만 | https://www.instagram.com/dohwadore_life_reader/reel/DXRMTyDDzZj/
12. 17만 | https://www.instagram.com/dohwadore_life_reader/reel/DXOiS2bBZgS/"
2026-06-03,@luckypower_good88,"@luckypower_good88
운기칠삼",https://www.instagram.com/luckypower_good88/reels/,profile_ok,18,70667,71000,165000,12000,https://www.instagram.com/luckypower_good88/reel/DYeiICVyOyT/,"luckypower_good88 - May 18, 2026",5974,7893,적합,띠/생일 운세,댓글 키워드 유도 + DM 자동응답 전환,"첫 화면에 큰 운세 문구를 두고, 본문은 짧은 리스트 자막과 캡션 긴 풀이로 전환.",an image of text.,"5,974 likes, 7,893 comments - luckypower_good88 - May 18, 2026: ""💬댓글에 '본인띠' 를 남기면, 다이소에서
무조건 보이면 사야하는 물건에 대해
팔로우 해주신 순서대로
조용히DM으로 알려드리겠습니다.🙏

📢개띠, 용띠분들은 삼합작용되도록,
운기칠삼 프로필에서 [복줄🧧]
꼭 챙겨가세요👉@luckypower_good88",댓글 키워드 | DM 자동응답 | 팔로우,중,오늘/이번달 띠별 운세 시리즈,"오늘/이번달 띠별 운세 시리즈로 주 3~5회 반복. 같은 구조에서 날짜, 띠, 일간, 상황 키워드만 바꿔 발행.","너는 인스타 자동 DM 전환용 사주 릴스 작가다. 입력 문구를 기준으로 25~35초 릴스 대본을 작성하라. 구조는 첫 2초 후킹, 해당되는 신호 5개, 사주적 해석, 2026년 흐름 경고, 댓글 키워드 CTA, 프로필 상담 CTA 순서로 쓴다. 댓글 키워드는 사용자가 바로 따라 쓸 수 있게 2~5글자로 제안하라.",an image of text.,VidIQ 앱은 로그인 필요. 본 행은 인스타 공개 릴스 그리드 최근 12개 안팎과 대표 릴스 상세 메타 기준.,"1. 1.2만 | https://www.instagram.com/luckypower_good88/reel/DZFKMFIyn9v/
2. 7.4만 | https://www.instagram.com/luckypower_good88/reel/DZClRBNSBgT/
3. 9.2만 | https://www.instagram.com/luckypower_good88/reel/DZABmDyyOe0/
4. 1.8만 | https://www.instagram.com/luckypower_good88/reel/DY9akNqSJiR/
5. 4.2만 | https://www.instagram.com/luckypower_good88/reel/DY63DJISF6z/
6. 9.7만 | https://www.instagram.com/luckypower_good88/reel/DY4Se7NSsCg/
7. 6.6만 | https://www.instagram.com/luckypower_good88/reel/DYmTvLkyKvG/
8. 3만 | https://www.instagram.com/luckypower_good88/reel/DYjslMsyaXr/
9. 5.1만 | https://www.instagram.com/luckypower_good88/reel/DYhHFh7ylEn/
10. 16.5만 | https://www.instagram.com/luckypower_good88/reel/DYeiICVyOyT/
11. 11만 | https://www.instagram.com/luckypower_good88/reel/DYW0cIJSM8c/
12. 7.1만 | https://www.instagram.com/luckypower_good88/reel/DYUP7DeSPfv/"
2026-06-03,@naru_ing,"@naru_ing
운세 사주 타로 신점 • 사주나루",https://www.instagram.com/naru_ing/reels/,profile_ok,18,55294,33000,361000,9285,https://www.instagram.com/naru_ing/reel/DX6RjTHu-EN/,"naru_ing - May 4, 2026",948,193,적합,연애/궁합/재회운,댓글 키워드 유도,"첫 화면에 큰 운세 문구를 두고, 본문은 짧은 리스트 자막과 캡션 긴 풀이로 전환.",콘텐츠의 저작권은 사주나루에 백제 배포· 도용 저작권법에 따라 법적 조치가 진행딜 있습니다. 꼭 그렇게 말했어야 했을까? 6월 3일 띠별 운세 병오년() 계사월() 무신(..민) 쥐띠 사람은 굉 대신 닭이 소띠 호랑이띠 나를 불편하게 만드는 관계를 단칼에 정리 토끼띠 기분이 다운될 땐 스트레칭 한번 하라 잠을 충분히 자라. 용띠 놓친다 뱀띠 잠깐 자리를 비웠는데 큰 화를 피한다 말띠 따지면 나만 양띠 멍하니 듣다보니 상대말이 맞는 것 같기도? 원숭이띠 말을 많이 사교적인 이유로 닭띠 개띠 가볍게 던진 말이 누군가에게 피드백 된다 돼지띠 사소한 것을 도와주면 큰 부탁이 내일 계획은 대충 세워둬라. 의외의 연락 온다 복채는 팔로우&좋아요. 댓글로,"948 likes, 193 comments - naru_ing - May 4, 2026: ""❤️ 리딩은 아래 본문에 담아두었어요.

✨ 복채는 팔로우, 좋아요, 리포스트로 받겠습니다.

🎀 선택한 번호를 댓글로 남기면, 원하는 기운이 당신에게 더 오래 머물 거예요.

🍀더 자세한 1:1 상담은 프로필 링크를 클릭해 주세요

– 1번 카드를 고른 당신에게 –

이 인연은 처음부터 확 끌리는 느낌보다는, 이상하게 계속 이어지는 사람 쪽에 가깝습니다. 대화가 자연스럽게 이어지고, 억지로 분위기를 만들지 않아도 편한 흐름. 그래서 초반에는 “이게 연애 감정인가?” 싶을 정도로 담백하게 시작돼요.

이 사람은 표현이 많은 타입은 아니에요. 대신 관계를 가볍게 소비하지 않는 쪽입니다. 연락이 드라마틱하게 이어지진 않지만, 끊기지도 않아요. 필요할 때 자연스럽게 이어지고, 어느 순간 보면 일상에 조용히 자리 잡고 있는 느낌입니다.

그래서 중간에 내담자분이 한 번쯤은 헷갈릴 수 있어요. “이 사람 나한테 마음 있는 거 맞아?” 이런 생각. 근데 이건 감정이 없는 게 아니라, 이 사람이 원래 관계를 천천히 쌓는 방식이라 그래요.

포인트는 여기입니다. 이 관계는 빠르게 확신을 주는 대신, 시간을 두고 깊어지는 흐름이에요. 초반의 애매함만 넘기면, 오히려 가장 편하고 오래 가는 쪽으로 이어질 가능성이 큽니다. 반대로, 이 타이밍에서 판단을 너무 빨리 내려버리면 그냥 스쳐 지나갈 수도 있어요.

🔸이 카드가 지금 당신 앞에 나타났다면, 그냥 지나치지 마세요.
🔸마음에 와닿았다면, 저장해두고 시간 날 때 다시 읽어보세요.

-
-

– 2번 카드를 고른 당신에게 –

이 인연은 시작부터 느낌이 좀 다릅니다. 편하다기보다는, 오히려 약간 긴장되는 쪽. 대화는 되는데, 이상하게 내가 평소처럼 편하게 굴지…",댓글 키워드 | 프로필 링크/상담 | 저장 | 팔로우,중,연애 팔자 경고 시리즈,"연애 팔자 경고 시리즈로 주 3~5회 반복. 같은 구조에서 날짜, 띠, 일간, 상황 키워드만 바꿔 발행.","너는 사주 숏폼 기획자다. 입력한 후킹 문구를 기준으로 20~30초 릴스 대본을 만든다. 첫 문장은 단정하고 강하게, 중간은 조건/띠/상황 리스트, 끝은 저장/댓글/팔로우 CTA로 마무리하라.",콘텐츠의 저작권은 사주나루에 백제 배포· 도용 저작권법에 따라 법적 조치가 진행딜 있습니다. 꼭 그렇게 말…,VidIQ 앱은 로그인 필요. 본 행은 인스타 공개 릴스 그리드 최근 12개 안팎과 대표 릴스 상세 메타 기준.,"1. 8.1만 | https://www.instagram.com/naru_ing/reel/DZEqWGYuN-_/
2. 3.9만 | https://www.instagram.com/naru_ing/reel/DY3_gcRuWiH/
3. 5.1만 | https://www.instagram.com/naru_ing/reel/DYzAYuGutkP/
4. 9,285 | https://www.instagram.com/naru_ing/reel/DYotRm1OYNV/
5. 3.6만 | https://www.instagram.com/naru_ing/reel/DYmC35sOkv_/
6. 4.9만 | https://www.instagram.com/naru_ing/reel/DYjmUNZTHv2/
7. 3.2만 | https://www.instagram.com/naru_ing/reel/DYeH44GTvwb/
8. 2.1만 | https://www.instagram.com/naru_ing/reel/DYV4Uuvuo6m/
9. 2.4만 | https://www.instagram.com/naru_ing/reel/DYRj_BKuCSy/
10. 6.6만 | https://www.instagram.com/naru_ing/reel/DYMITe0TPAD/
11. 3.2만 | https://www.instagram.com/naru_ing/reel/DYEmWv4uqiQ/
12. 1.6만 | https://www.instagram.com/naru_ing/reel/DYCGF1FO3yb/"
2026-06-03,@unmyungdang_saju,"@unmyungdang_saju
운명당 사주",https://www.instagram.com/unmyungdang_saju/reels/,profile_ok,12,44034,44000,96000,4411,https://www.instagram.com/unmyungdang_saju/reel/DYCPyJEhe9b/,"unmyungdang_saju - May 7, 2026",2538,2436,적합,재물/로또운,댓글 키워드 유도 + 리스트/순위형,"큰 자막 중심 텍스트 릴스. 배경은 단색, 실사 배경, 또는 간단한 운세 이미지.",skini_talk님의 프로필 사진,"2,538 likes, 2,436 comments - unmyungdang_saju - May 7, 2026: ""범띠 거실에 '이거'둬라! 무섭게 돈복 온다!

📢지금 범띠분들은
운명당 프로필에서 '만복부'🧧
챙겨가세요!
그리야, 황금구렁이가
5월 14일 재물복 열어줍니다!",댓글 키워드 | 팔로우,중,돈 들어오는 띠/일간 시리즈,"돈 들어오는 띠/일간 시리즈로 주 3~5회 반복. 같은 구조에서 날짜, 띠, 일간, 상황 키워드만 바꿔 발행.","너는 사주 숏폼 기획자다. 입력한 후킹 문구를 기준으로 20~30초 릴스 대본을 만든다. 첫 문장은 단정하고 강하게, 중간은 조건/띠/상황 리스트, 끝은 저장/댓글/팔로우 CTA로 마무리하라.",skini_talk님의 프로필 사진,VidIQ 앱은 로그인 필요. 본 행은 인스타 공개 릴스 그리드 최근 12개 안팎과 대표 릴스 상세 메타 기준.,"1. 1만 | https://www.instagram.com/unmyungdang_saju/reel/DZFPNdFBNID/
2. 6.3만 | https://www.instagram.com/unmyungdang_saju/reel/DY65ugXB5I7/
3. 3.8만 | https://www.instagram.com/unmyungdang_saju/reel/DYURu1bBo2Q/
4. 1.9만 | https://www.instagram.com/unmyungdang_saju/reel/DYRvxKQv73W/
5. 8.9만 | https://www.instagram.com/unmyungdang_saju/reel/DYO_J39BzwY/
6. 6.6만 | https://www.instagram.com/unmyungdang_saju/reel/DYMkOLohbJH/
7. 9.6만 | https://www.instagram.com/unmyungdang_saju/reel/DYCPyJEhe9b/
8. 4.5만 | https://www.instagram.com/unmyungdang_saju/reel/DXrGy9TgcH9/
9. 4,411 | https://www.instagram.com/unmyungdang_saju/reel/DXoaqDVAUFu/
10. 1.7만 | https://www.instagram.com/unmyungdang_saju/reel/DXeUz5sAYpA/
11. 4.4만 | https://www.instagram.com/unmyungdang_saju/reel/DXZDm_hAQbx/
12. 3.7만 | https://www.instagram.com/unmyungdang_saju/reel/DXOzt3agTHY/"
2026-06-03,@fortune_tellingpower88,"@fortune_tellingpower88
운세천당",https://www.instagram.com/fortune_tellingpower88/reels/,profile_ok,18,57111,55000,129000,26000,https://www.instagram.com/fortune_tellingpower88/reel/DYhQXbQS9VA/,"fortune_tellingpower88 - May 19, 2026",4417,5237,적합,띠/생일 운세,댓글 키워드 유도 + DM 자동응답 전환,"첫 화면에 큰 운세 문구를 두고, 본문은 짧은 리스트 자막과 캡션 긴 풀이로 전환.","걱정하지 말거라, 지금이 이 할미를 만난 자들은 올해 좋은일 생길 복댕이 들이다 삼신 할미가 길운 줄테니 지금 스스로에게 이걸 보내라. 그리고할미가주는선물 그리고 할미가주는 선물 운세천당 프로필에서","4,417 likes, 5,237 comments - fortune_tellingpower88 - May 19, 2026: ""💬댓글에 '복삼재'를 남겨주시면, 다이소에서
보이면 꼭 사야하는 '물건'에 대해
팔로우 해주신 순서대로
조용히 DM으로 알려드리겠습니다.🙏

📢 돼지띠, 양띠, 토끼띠 분들은
운세천당 프로필에서 [길상체🧧]
꼭 챙겨가세요.👉@fortune_tellingpower88",댓글 키워드 | DM 자동응답 | 팔로우,중,오늘/이번달 띠별 운세 시리즈,"오늘/이번달 띠별 운세 시리즈로 주 3~5회 반복. 같은 구조에서 날짜, 띠, 일간, 상황 키워드만 바꿔 발행.","너는 인스타 자동 DM 전환용 사주 릴스 작가다. 입력 문구를 기준으로 25~35초 릴스 대본을 작성하라. 구조는 첫 2초 후킹, 해당되는 신호 5개, 사주적 해석, 2026년 흐름 경고, 댓글 키워드 CTA, 프로필 상담 CTA 순서로 쓴다. 댓글 키워드는 사용자가 바로 따라 쓸 수 있게 2~5글자로 제안하라.","걱정하지 말거라, 지금이 이 할미를 만난 자들은 올해 좋은일 생길 복댕이 들이다 삼신 할미가 길운 줄테니…",VidIQ 앱은 로그인 필요. 본 행은 인스타 공개 릴스 그리드 최근 12개 안팎과 대표 릴스 상세 메타 기준.,"1. 5.2만 | https://www.instagram.com/fortune_tellingpower88/reel/DZFTz-Syk_V/
2. 3.1만 | https://www.instagram.com/fortune_tellingpower88/reel/DZCuklwygZh/
3. 4.1만 | https://www.instagram.com/fortune_tellingpower88/reel/DZALUW0ShbS/
4. 2.6만 | https://www.instagram.com/fortune_tellingpower88/reel/DY9lFBty9v0/
5. 5.6만 | https://www.instagram.com/fortune_tellingpower88/reel/DY6_8QHSAPk/
6. 5.2만 | https://www.instagram.com/fortune_tellingpower88/reel/DY4bRbUSZlc/
7. 5.8만 | https://www.instagram.com/fortune_tellingpower88/reel/DYwvDq8SPO_/
8. 8.4만 | https://www.instagram.com/fortune_tellingpower88/reel/DYo_G2CSbcj/
9. 6.3만 | https://www.instagram.com/fortune_tellingpower88/reel/DYmZ64iShRw/
10. 4.8만 | https://www.instagram.com/fortune_tellingpower88/reel/DYj1RaCyDdF/
11. 12.9만 | https://www.instagram.com/fortune_tellingpower88/reel/DYhQXbQS9VA/
12. 3.8만 | https://www.instagram.com/fortune_tellingpower88/reel/DYerNYSyWas/"
2026-06-03,@fate_saju,@fate_saju,https://www.instagram.com/fate_saju/reels/,profile_ok,18,386444,38000,2820000,12000,https://www.instagram.com/fate_saju/reel/DTRO4axkyo0/,"fate_saju - January 8, 2026",7437,1731,적합,풍수/개운법,댓글 키워드 유도 + 리스트/순위형,"첫 화면에 큰 운세 문구를 두고, 본문은 짧은 리스트 자막과 캡션 긴 풀이로 전환.",skini_talk님의 프로필 사진,"7,437 likes, 1,731 comments - fate_saju - January 8, 2026: ""💬댓글에 “복삼재” 라고 확언해봐!
평생 쓰고도 남을 복이 네 곁에 머물도록 내가 간절히 빌어줄게!🙏🏻

—
2026년 올해, 제발 숨지 마세요.
〈‘삼재’인 줄 알았는데
알고 보니 겹경사 터지는 복삼재 띠〉

1️⃣ 양띠 (91·79·03)
— 귀인이 옆에서 멱살 잡고 판을 키워준다

2️⃣ 토끼띠 (99·87·75)
— 오래 눌려 있던 껍질이 깨지며 완전 변신

3️⃣ 돼지띠 (95·83·71)
— 위기처럼 보이던 일이 현금과 기회로 전환

제발 부탁드립니다. “올해 삼재니까 조용히
있어” 이 말 절대 듣지 마세요.
그 말 믿고 숨으면
들어오던 횡재가 방향 틀어버립니다.

2026년, 이 세 띠는 조심할 사람이 아니라
판 위로 올라가야 할 사람들입니다.
—

✅ 지금 마음이 울렸다면 ‘좋아요’
✅ 나중에 다시 보고싶다? ‘저장’
✅ 지금 당장 함께 나누고 싶은 사람이 있다? ‘공유’
✅ 다음 흐름까지 알고싶다면 @fate_saju 팔로우 🙋‍♂️

#사주 #연애운 #새해 #사주팔자 #사주운세",댓글 키워드 | 저장 | 공유 | 팔로우,상,집/지갑/방향 개운 시리즈,"집/지갑/방향 개운 시리즈로 주 3~5회 반복. 같은 구조에서 날짜, 띠, 일간, 상황 키워드만 바꿔 발행.","너는 사주 숏폼 기획자다. 입력한 후킹 문구를 기준으로 20~30초 릴스 대본을 만든다. 첫 문장은 단정하고 강하게, 중간은 조건/띠/상황 리스트, 끝은 저장/댓글/팔로우 CTA로 마무리하라.",skini_talk님의 프로필 사진,VidIQ 앱은 로그인 필요. 본 행은 인스타 공개 릴스 그리드 최근 12개 안팎과 대표 릴스 상세 메타 기준.,"1. 116.3만 | https://www.instagram.com/fate_saju/reel/DU1HuoJkk8O/
2. 230.8만 | https://www.instagram.com/fate_saju/reel/DTSQHmTk7BV/
3. 282만 | https://www.instagram.com/fate_saju/reel/DTRO4axkyo0/
4. 1.8만 | https://www.instagram.com/fate_saju/reel/DZFa45GTalx/
5. 5.1만 | https://www.instagram.com/fate_saju/reel/DZFasczT6c7/
6. 2.3만 | https://www.instagram.com/fate_saju/reel/DZAEDxVz0-h/
7. 9.4만 | https://www.instagram.com/fate_saju/reel/DY99Odgz7Ca/
8. 3.5만 | https://www.instagram.com/fate_saju/reel/DY7QYHwq3XL/
9. 10.8만 | https://www.instagram.com/fate_saju/reel/DY18Q3Vz77y/
10. 3.8만 | https://www.instagram.com/fate_saju/reel/DY178XRzW2F/
11. 1.2만 | https://www.instagram.com/fate_saju/reel/DYzgTU6Tgjd/
12. 3.4만 | https://www.instagram.com/fate_saju/reel/DYw0NyKTqEy/"
2026-06-03,@nolbupungsu,@nolbupungsu,https://www.instagram.com/nolbupungsu/reels/,profile_ok,12,21934,5775,92000,3809,https://www.instagram.com/nolbupungsu/reel/DYmVPbfTLOg/,"nolbupungsu - May 21, 2026",4,3,적합,일반 운세/상담 전환,댓글 키워드 유도,"큰 자막 중심 텍스트 릴스. 배경은 단색, 실사 배경, 또는 간단한 운세 이미지.",이번주 대보 대박나는 ㄷ TOP 3 6월1일- 6월1일-6월7일 1일- 6월 6월7일 6월 7일,"4 likes, 3 comments - nolbupungsu - May 21, 2026: ""✅‘990원 사주’ 프로필링크를 참고하세요",댓글 키워드 | 팔로우,중,사주 운세 전환 시리즈,"사주 운세 전환 시리즈로 주 3~5회 반복. 같은 구조에서 날짜, 띠, 일간, 상황 키워드만 바꿔 발행.","너는 사주 숏폼 기획자다. 입력한 후킹 문구를 기준으로 20~30초 릴스 대본을 만든다. 첫 문장은 단정하고 강하게, 중간은 조건/띠/상황 리스트, 끝은 저장/댓글/팔로우 CTA로 마무리하라.",이번주 대보 대박나는 ㄷ TOP 3 6월1일- 6월1일-6월7일 1일- 6월 6월7일 6월 7일,VidIQ 앱은 로그인 필요. 본 행은 인스타 공개 릴스 그리드 최근 12개 안팎과 대표 릴스 상세 메타 기준.,"1. 9.2만 | https://www.instagram.com/nolbupungsu/reel/DYmVPbfTLOg/
2. 3.5만 | https://www.instagram.com/nolbupungsu/reel/DYe1dckz2AJ/
3. 9만 | https://www.instagram.com/nolbupungsu/reel/DQYyjZTE7Lu/
4. 3,809 | https://www.instagram.com/nolbupungsu/reel/DZFK0B6DwgO/
5. 4,013 | https://www.instagram.com/nolbupungsu/reel/DZCmBWbAtSL/
6. 5,578 | https://www.instagram.com/nolbupungsu/reel/DZABSTWpf8U/
7. 5,042 | https://www.instagram.com/nolbupungsu/reel/DY-snhWzZ8q/
8. 5,775 | https://www.instagram.com/nolbupungsu/reel/DY9bStwJv3Y/
9. 7,312 | https://www.instagram.com/nolbupungsu/reel/DY8Ht2JzNsZ/
10. 6,051 | https://www.instagram.com/nolbupungsu/reel/DY62jEEp0aC/
11. 3,948 | https://www.instagram.com/nolbupungsu/reel/DY5kK6cz4It/
12. 4,684 | https://www.instagram.com/nolbupungsu/reel/DY4S5jkJh4m/"
2026-06-03,@saju_c.o.d.e,"@saju_c.o.d.e
사주코드_사주•재물운•건강•궁합•재회•연애•운세",https://www.instagram.com/saju_c.o.d.e/reels/,profile_ok,18,14021,1377,120000,196,https://www.instagram.com/saju_c.o.d.e/reel/DXK2ZknAYgI/,"saju_c.o.d.e - April 15, 2026",87,3,적합,재물/로또운,댓글 키워드 유도 + 리스트/순위형,"큰 자막 중심 텍스트 릴스. 배경은 단색, 실사 배경, 또는 간단한 운세 이미지.",skini_talk님의 프로필 사진,"87 likes, 3 comments - saju_c.o.d.e - April 15, 2026: ""💥제발 헤어지세요, 내 영혼을 갉아먹는 최악의 궁합💥
1. 쥐띠 - (특히 1984년생, 1996년생)
2. 말띠 - (특히 1990년생, 2002년생)
3. 소띠 - (특히 1985년생, 1997년생)
4. 닭띠 - (특히 1993년생, 1981년생)
5. 토끼띠 - (특히 1987년생, 1999년생)

내 사주에서 지금 만나는 사람과의 궁합을
정확히 보고 싶다면,
프로필링크 타고 저를 찾아오십시오.

쥐띠 1984년생, 1996년생
자수(子水)는 병오년 오화와 자오충(子午沖)으로 정면 충돌합니다. 물과 불이 부딪히니 관계 자체가 매일이 전쟁터예요. 싸움의 이유조차 모른 채 서로에게 상처 주는 말만 내뱉게 됩니다.
1984년생 갑자는 식상이 타오르는 해라, 연애에 매달릴수록 내 사회적 성취와 커리어가 재가 되어 날아갑니다.
1996년생 병자는 내 매력이 정점인 해인데, 굳이 나를 깎아내리는 사람 곁에서 그 귀한 빛을 낭비하고 있는 꼴입니다.

말띠 1990년생, 2002년생
오화(午火)는 병오년의 기운과 만나 오오자형(午午自刑)을 이룹니다. 자형은 스스로를 볶달아 하는 에너지예요. 상대 때문이 아니라, 상대와의 관계 속에서 망가져 가는 내 모습이 싫어서 괴로운 형국입니다.
1990년생 경오는 화 기운에 내 단단한 금 기운이 녹아내리며, 상대에게 가스라이팅을 당하거나 주도권을 완전히 뺏기기 쉽습니다.
2002년생 임오는 불길 속의 물방울처럼 증발하기 직전입니다. 지금 느끼는 그 집착은 사랑이 아니라 불안일 뿐입니다.

소띠 1985년생, 1997년생
축토(丑土)와 오화는 축오 원진(怨嗔)과 귀문관살이 겹칩니다. 이유 없이 밉고, 미운데 헤어지지는 못하는 ’지옥 같은 집착‘의 전형입니다.…",댓글 키워드 | 저장 | 공유 | 팔로우,중,돈 들어오는 띠/일간 시리즈,"돈 들어오는 띠/일간 시리즈로 주 3~5회 반복. 같은 구조에서 날짜, 띠, 일간, 상황 키워드만 바꿔 발행.","너는 사주 숏폼 기획자다. 입력한 후킹 문구를 기준으로 20~30초 릴스 대본을 만든다. 첫 문장은 단정하고 강하게, 중간은 조건/띠/상황 리스트, 끝은 저장/댓글/팔로우 CTA로 마무리하라.",skini_talk님의 프로필 사진,VidIQ 앱은 로그인 필요. 본 행은 인스타 공개 릴스 그리드 최근 12개 안팎과 대표 릴스 상세 메타 기준.,"1. 1,377 | https://www.instagram.com/saju_c.o.d.e/reel/DYo6voyhsJO/
2. 471 | https://www.instagram.com/saju_c.o.d.e/reel/DYmToFmhkXH/
3. 1,349 | https://www.instagram.com/saju_c.o.d.e/reel/DYRm7NfB3Cr/
4. 604 | https://www.instagram.com/saju_c.o.d.e/reel/DYMTzCTBx0r/
5. 7,178 | https://www.instagram.com/saju_c.o.d.e/reel/DYGwTA1BmR6/
6. 3,110 | https://www.instagram.com/saju_c.o.d.e/reel/DYCFV_NBbOc/
7. 1,778 | https://www.instagram.com/saju_c.o.d.e/reel/DX_lfN_BgyS/
8. 2.1만 | https://www.instagram.com/saju_c.o.d.e/reel/DX8w5XZhw2x/
9. 196 | https://www.instagram.com/saju_c.o.d.e/reel/DX3pmwOhoay/
10. 227 | https://www.instagram.com/saju_c.o.d.e/reel/DXyiR4BB16O/
11. 486 | https://www.instagram.com/saju_c.o.d.e/reel/DXtp8L6ASHa/
12. 301 | https://www.instagram.com/saju_c.o.d.e/reel/DXq4nhDgeM7/"
2026-06-03,@maehwa_lab,"@maehwa_lab
홍매화",https://www.instagram.com/maehwa_lab/reels/,profile_ok,18,2246,846,23000,245,https://www.instagram.com/maehwa_lab/reel/DVzEeY3ku8u/,"maehwa_lab - March 12, 2026",94,14,적합,띠/생일 운세,댓글 키워드 유도 + DM 자동응답 전환,"첫 화면에 큰 운세 문구를 두고, 본문은 짧은 리스트 자막과 캡션 긴 풀이로 전환.",an image of text.,"94 likes, 14 comments - maehwa_lab - March 12, 2026: ""괴강살은 평범하게 살면 꼬이고, 큰 판과 책임에서 
운이 터지는 강한 별. 

괴강살 TOP.3 띠 ⚡ 

1위 원숭이띠 – 위기에서 판 뒤집는 능력 끝판왕
2위 용띠 – 초반 파도 많아도 한 번 잡으면 오래 간다
3위 호랑이띠 – 참는 자리보다 앞에 서야 운 터진다 

평범하게 살면 인생 꼬임.
큰 책임·큰 결정 쥐어야 운이 열린다. 🔥 

DM에 메시지 남겨.
괴강살 사주에서 바로 확인 가능 🔮
#운세
#사주
#재회운 
#궁합",댓글 키워드 | DM 자동응답 | 팔로우,중,오늘/이번달 띠별 운세 시리즈,"오늘/이번달 띠별 운세 시리즈로 주 3~5회 반복. 같은 구조에서 날짜, 띠, 일간, 상황 키워드만 바꿔 발행.","너는 인스타 자동 DM 전환용 사주 릴스 작가다. 입력 문구를 기준으로 25~35초 릴스 대본을 작성하라. 구조는 첫 2초 후킹, 해당되는 신호 5개, 사주적 해석, 2026년 흐름 경고, 댓글 키워드 CTA, 프로필 상담 CTA 순서로 쓴다. 댓글 키워드는 사용자가 바로 따라 쓸 수 있게 2~5글자로 제안하라.",an image of text.,VidIQ 앱은 로그인 필요. 본 행은 인스타 공개 릴스 그리드 최근 12개 안팎과 대표 릴스 상세 메타 기준.,"1. 245 | https://www.instagram.com/maehwa_lab/reel/DWWdYyNkuH8/
2. 1,045 | https://www.instagram.com/maehwa_lab/reel/DWImY6AErpe/
3. 491 | https://www.instagram.com/maehwa_lab/reel/DWH5jIQkjsf/
4. 741 | https://www.instagram.com/maehwa_lab/reel/DWB4_QhEoaL/
5. 666 | https://www.instagram.com/maehwa_lab/reel/DV-9HxEkqWI/
6. 846 | https://www.instagram.com/maehwa_lab/reel/DV-jRwOEvNr/
7. 3,032 | https://www.instagram.com/maehwa_lab/reel/DV8wLEokvCx/
8. 2,714 | https://www.instagram.com/maehwa_lab/reel/DV7knOPkqXr/
9. 586 | https://www.instagram.com/maehwa_lab/reel/DV42-5-koKj/
10. 780 | https://www.instagram.com/maehwa_lab/reel/DV3SSZGEqp6/
11. 1,123 | https://www.instagram.com/maehwa_lab/reel/DV2MFt8kj1e/
12. 2.3만 | https://www.instagram.com/maehwa_lab/reel/DVzEeY3ku8u/"
2026-06-03,@saju_hyean,@saju_hyean,https://www.instagram.com/saju_hyean/reels/,profile_ok,12,1966,1625,3650,852,https://www.instagram.com/saju_hyean/reel/DYPIN39hzBg/,"saju_hyean - May 12, 2026",20,,적합,띠/생일 운세,텍스트 카드형,"큰 자막 중심 텍스트 릴스. 배경은 단색, 실사 배경, 또는 간단한 운세 이미지.",skini_talk님의 프로필 사진,"20 likes, 0 comments - saju_hyean - May 12, 2026: ""🌸새출발 할 사람 하트 누르기♥️

사주팔자 여덟 글자는 단순히 띠 하나로 연결짓기는 무리가 있습니다.나에게 맞는 에너지 흐름을 읽어야만 막힌 운로를 뚫을 수 있습니다. 나의 흐름,인연의 길흉화복을 알고싶으시면
프로필링크로 편하게 문의해주십시오.

​5위 – 토끼띠 여성 (1987년생)
​정이 너무 많고 여린 마음을 가진 당신, 혹시라도 연락이 올까 봐 휴대폰만 바라보며 긴 밤을 지새우는 게 일상이었죠. 상대의 무심한 태도에도 ‘내가 조금 더 잘하면 바뀌겠지’라며 스스로를 갉아먹던 시간들이 참 안쓰러웠어요. 하지만 이제 그 미련의 끈을 놓는 순간, 당신의 차분하고 단아한 매력을 온전히 알아봐 줄 듬직한 새 인연이 나타나요. 과거의 아픔을 씻어내듯 다가오는 이 사람과 함께라면, 더 이상 불안해하지 않고 평온한 사랑을 시작하게 될 거예요.
​핵심 포인트: 평온한안식처
대격변 영역: 정서적안정, 신뢰회복, 자존감상승
​–
​4위 – 뱀띠 여성 (1989년생)
​워낙 똑똑하고 빈틈없는 당신이지만, 유독 그 사람 앞에서만큼은 바보같이 헌신하고 다 맞춰주며 살았군요. 분석하고 고민할수록 답이 안 나오는 관계에 매달리느라 당신의 화려한 재능과 기운이 많이 탁해져 있었어요. 그런데 이제 그 과거의 에너지를 끊어내면, 당신의 지적인 매력에 매료될 품격 있는 새 인연이 곧바로 연결돼요. 당신을 구속하는 사람이 아닌, 당신의 앞길을 열어줄 능력 있는 귀인 같은 연인과의 대격변이 기다리고 있습니다.
​핵심 포인트: 품격있는상대
대격변 영역: 인맥업그레이드, 사회적성공, 매력폭발
​–
​3위 – 돼지띠 여성 (1995년생)
​순수하게 모든 걸 다 줬기에 배신감과 상처가 남들보다 몇 배는 더 깊어 혼자 숨죽여 울던 날…",프로필 링크/상담 | 저장 | 공유 | 팔로우,중,오늘/이번달 띠별 운세 시리즈,"오늘/이번달 띠별 운세 시리즈로 주 3~5회 반복. 같은 구조에서 날짜, 띠, 일간, 상황 키워드만 바꿔 발행.","너는 사주 숏폼 기획자다. 입력한 후킹 문구를 기준으로 20~30초 릴스 대본을 만든다. 첫 문장은 단정하고 강하게, 중간은 조건/띠/상황 리스트, 끝은 저장/댓글/팔로우 CTA로 마무리하라.",skini_talk님의 프로필 사진,VidIQ 앱은 로그인 필요. 본 행은 인스타 공개 릴스 그리드 최근 12개 안팎과 대표 릴스 상세 메타 기준.,"1. 1,061 | https://www.instagram.com/saju_hyean/reel/DZCpHwohVpU/
2. 2,718 | https://www.instagram.com/saju_hyean/reel/DY08ovvBYCI/
3. 852 | https://www.instagram.com/saju_hyean/reel/DYqGKW7Tt5e/
4. 966 | https://www.instagram.com/saju_hyean/reel/DYlgbnthTyb/
5. 1,472 | https://www.instagram.com/saju_hyean/reel/DYhKWsMhvx-/
6. 2,431 | https://www.instagram.com/saju_hyean/reel/DYekfd3sN7s/
7. 1,625 | https://www.instagram.com/saju_hyean/reel/DYa8bHHhN6y/
8. 1,162 | https://www.instagram.com/saju_hyean/reel/DYXCsIHB8eV/
9. 2,683 | https://www.instagram.com/saju_hyean/reel/DYTfBlEhVhP/
10. 3,592 | https://www.instagram.com/saju_hyean/reel/DYQ6io1h6Q2/
11. 3,650 | https://www.instagram.com/saju_hyean/reel/DYPIN39hzBg/
12. 1,383 | https://www.instagram.com/saju_hyean/reel/DYMSoMVBCCt/"
2026-06-03,@_saju_log,@_saju_log,https://www.instagram.com/_saju_log/reels/,profile_ok,12,9111,9326,16000,5467,https://www.instagram.com/_saju_log/reel/DYTPHFOuV4t/,"_saju_log - May 13, 2026",130,23,적합,연애/궁합/재회운,댓글 키워드 유도 + 참여형 테스트,참여형 테스트 화면. 선택/점수/조회형 UI처럼 보여 클릭과 댓글 반응 유도.,skini_talk님의 프로필 사진,"130 likes, 23 comments - _saju_log - May 13, 2026: ""🧧 댓글로 생년월일 남기면 당신의 사주 미리보기 전송! ❤
📨릴스 공유하면 운명의 상대가 찾아올 확률이 올라갑니다🌸
💗 “좋아요” 누르면 5월 연애운 상승!

5월은
사람의 온기가 유난히
크게 들어오는 시기입니다.

묶여 있던 인연운이
한꺼번에 움직이기도 하죠.

누군가가 자꾸만 신경쓰이고
별 뜻 없던 연락도 오래 마음에 남는다면,

내게 다가오는 그 사람, 어떤 사람일까?
내 운명의 상대와 언제 어떻게 만나게 될까?

윤화보살이 정확히 짚어드릴게요.

🧧 최고의 역술가들이 만난 사주로그 🔥
👉 프로필 링크 ‘사주로그’ 사이트에서 확인하기 👈

#사주 #운세 #연애 #연애운 #연애사주 #재회 #재회운 #재회사주 #여자사주 #여자연애운 #썸 #인연운 #결혼운 #사주로그 #5월연애운 #5월재회운 #윤화보살 #운명 #남친",댓글 키워드 | 프로필 링크/상담 | 공유 | 팔로우,중,연애 팔자 경고 시리즈,"연애 팔자 경고 시리즈로 주 3~5회 반복. 같은 구조에서 날짜, 띠, 일간, 상황 키워드만 바꿔 발행.","너는 사주 숏폼 기획자다. 입력한 후킹 문구를 기준으로 20~30초 릴스 대본을 만든다. 첫 문장은 단정하고 강하게, 중간은 조건/띠/상황 리스트, 끝은 저장/댓글/팔로우 CTA로 마무리하라.",skini_talk님의 프로필 사진,VidIQ 앱은 로그인 필요. 본 행은 인스타 공개 릴스 그리드 최근 12개 안팎과 대표 릴스 상세 메타 기준.,"1. 1만 | https://www.instagram.com/_saju_log/reel/DY0rXfSOAb3/
2. 7,922 | https://www.instagram.com/_saju_log/reel/DYdlHQZuNkn/
3. 1.2만 | https://www.instagram.com/_saju_log/reel/DYVzmePuzHm/
4. 1.6만 | https://www.instagram.com/_saju_log/reel/DYTPHFOuV4t/
5. 5,872 | https://www.instagram.com/_saju_log/reel/DYQs1VcuBPp/
6. 8,483 | https://www.instagram.com/_saju_log/reel/DYOD8NBOnf-/
7. 1만 | https://www.instagram.com/_saju_log/reel/DYLgQaduUHK/
8. 9,326 | https://www.instagram.com/_saju_log/reel/DYDyM0TOq-M/
9. 1.1만 | https://www.instagram.com/_saju_log/reel/DYBOb0SOMT5/
10. 5,866 | https://www.instagram.com/_saju_log/reel/DX-neI-Ov5z/
11. 7,391 | https://www.instagram.com/_saju_log/reel/DX5eRXru-Ym/
12. 5,467 | https://www.instagram.com/_saju_log/reel/DXvJ58BOk3H/"
2026-06-03,@haho.damia,@haho.damia,https://www.instagram.com/haho.damia/reels/,profile_ok,12,79029,15000,508000,6079,https://www.instagram.com/haho.damia/reel/DLCHTMOv9-o/,"haho.damia - June 18, 2025",7509,161,비사주/참고만,비사주 바이럴/테스트형,댓글 키워드 유도,"큰 자막 중심 텍스트 릴스. 배경은 단색, 실사 배경, 또는 간단한 운세 이미지.","a doodle of calendar, poster and text.","7,509 likes, 161 comments - haho.damia - June 18, 2025: ""화를 잘 내는 사람들의 공통점.
#법륜스님말씀 #화 #마음수업 #명상 #감정조절 #분별심 #부처님가르침 #마음공부 #자기이해 #감정다루기 #마음챙김",댓글 키워드 | 팔로우,낮음,참여형 테스트 포맷 참고,"참여형 테스트 포맷 참고로 주 3~5회 반복. 같은 구조에서 날짜, 띠, 일간, 상황 키워드만 바꿔 발행.","너는 사주 인스타 릴스 기획자다. 사용자가 입력한 테스트형 후킹을 사주/운세 주제로 바꿔라. 구성은 1) 첫 화면 질문 2) 선택지/조건 3) 결과 3가지 4) 댓글 키워드 CTA 5) 상담 전환 문구. 비사주 소재는 그대로 쓰지 말고 사주, 띠, 일간, 재물운, 연애운 중 하나로 치환하라.","a doodle of calendar, poster and text.",VidIQ 앱은 로그인 필요. 본 행은 인스타 공개 릴스 그리드 최근 12개 안팎과 대표 릴스 상세 메타 기준.,"1. 21.3만 | https://www.instagram.com/haho.damia/reel/DNrp0IK3uZy/
2. 50.8만 | https://www.instagram.com/haho.damia/reel/DLCHTMOv9-o/
3. 12.2만 | https://www.instagram.com/haho.damia/reel/DMPeMHBvHzJ/
4. 1.7만 | https://www.instagram.com/haho.damia/reel/DVgE3KOE6uy/
5. 8,608 | https://www.instagram.com/haho.damia/reel/DVdL0tvj9jx/
6. 1.5만 | https://www.instagram.com/haho.damia/reel/DVQOEErj_xm/
7. 6,079 | https://www.instagram.com/haho.damia/reel/DVNuvuujyCg/
8. 1.4만 | https://www.instagram.com/haho.damia/reel/DVI_yCGj5yW/
9. 7,964 | https://www.instagram.com/haho.damia/reel/DVF6KE2DyQo/
10. 1.1만 | https://www.instagram.com/haho.damia/reel/DVDyI_Uj3Ac/
11. 7,692 | https://www.instagram.com/haho.damia/reel/DU5ZIzMj6wd/
12. 1.8만 | https://www.instagram.com/haho.damia/reel/DUzh8IeDxR8/"
2026-06-03,@easy_saju,@easy_saju,https://www.instagram.com/easy_saju/reels/,profile_ok,18,29944,15000,151000,4408,https://www.instagram.com/easy_saju/reel/DY_fs44S4yv/,"easy_saju - May 30, 2026",659,45,적합,풍수/개운법,댓글 키워드 유도,"큰 자막 중심 텍스트 릴스. 배경은 단색, 실사 배경, 또는 간단한 운세 이미지.",skini_talk님의 프로필 사진,"659 likes, 45 comments - easy_saju - May 30, 2026: ""병오년은 겉보다 속이 먼저 드러나는 해라서
참아온 말, 눌러둔 서운함, 억울했던 기억이
한 번에 터지기 쉬워
특히 이 여자들이 “나만 왜 늘 이런 꼴이냐” 싶어지면
그 순간부터는 복보다 단절이 먼저 움직여

1) 토끼띠 – 부드러운 얼굴 뒤에 칼 같은 직감이 숨어있어

토끼띠는 원래 사람 마음을 잘 읽는 편이야
그래서 누가 진심이고 누가 계산인지 금방 알아채지
근데 이걸 무시당하면 말이 달라져
겉으론 조용해도 속으로는 이미 다 정리해버리거든
이 여자가 등을 돌리면 그 집안 관계도 같이 식어버려￼",댓글 키워드 | 팔로우,중,집/지갑/방향 개운 시리즈,"집/지갑/방향 개운 시리즈로 주 3~5회 반복. 같은 구조에서 날짜, 띠, 일간, 상황 키워드만 바꿔 발행.","너는 사주 숏폼 기획자다. 입력한 후킹 문구를 기준으로 20~30초 릴스 대본을 만든다. 첫 문장은 단정하고 강하게, 중간은 조건/띠/상황 리스트, 끝은 저장/댓글/팔로우 CTA로 마무리하라.",skini_talk님의 프로필 사진,VidIQ 앱은 로그인 필요. 본 행은 인스타 공개 릴스 그리드 최근 12개 안팎과 대표 릴스 상세 메타 기준.,"1. 9,009 | https://www.instagram.com/easy_saju/reel/DZG3R_QyH8X/
2. 5,800 | https://www.instagram.com/easy_saju/reel/DZFSJJ1SDGl/
3. 4,408 | https://www.instagram.com/easy_saju/reel/DZERI01yzWF/
4. 7만 | https://www.instagram.com/easy_saju/reel/DZCZANLyzem/
5. 6.9만 | https://www.instagram.com/easy_saju/reel/DZBtOtyybYe/
6. 1.3만 | https://www.instagram.com/easy_saju/reel/DZAFeoGykSQ/
7. 15.1만 | https://www.instagram.com/easy_saju/reel/DY_fs44S4yv/
8. 1.1만 | https://www.instagram.com/easy_saju/reel/DY9iLR-yHZH/
9. 9,409 | https://www.instagram.com/easy_saju/reel/DY8qfEFymV2/
10. 8,359 | https://www.instagram.com/easy_saju/reel/DY6wPEIyhiR/
11. 1.5만 | https://www.instagram.com/easy_saju/reel/DY57D6ISHa-/
12. 1.9만 | https://www.instagram.com/easy_saju/reel/DY3-ajVyYaq/"
2026-06-03,@ruahdam_saju,@ruahdam_saju,https://www.instagram.com/ruahdam_saju/reels/,profile_ok,18,9687,7306,45000,1727,https://www.instagram.com/ruahdam_saju/reel/DY4hOWezKNN/,"ruahdam_saju - May 28, 2026",181,218,적합,띠/생일 운세,댓글 키워드 유도,"첫 화면에 큰 운세 문구를 두고, 본문은 짧은 리스트 자막과 캡션 긴 풀이로 전환.",skini_talk님의 프로필 사진,"181 likes, 218 comments - ruahdam_saju - May 28, 2026: ""헤어진 사람이 왜 하필 지금 연락하는지
사주 보면 다 나와 있어요 

6월은 묻어뒀던 인연이 다시 움직이기 쉬운 달이에요
특히 이 세 조합은 6월에 한 번 크게 흔들리기 쉬워요

댓글에 생일 남겨주시면 
재회 흐름 남아있는지 봐드릴게요 

좋아요 + 저장 + 공유 부탁드려요
나중에 또 필요할 때 찾아보실 수 있게요 🙏
재회, 인연운 흐름도 받아보고 싶다면 팔로우하고 같이 봐요 ✨

✨️ 프로필로 오시면
→ 지금 재회 시기인지
→ 상대 속마음이 어떤지
→ 상대한테 연락 올지
자세히 봐드릴게요!

#사주 #재회운 #인연운 #연애운 #속마음",댓글 키워드 | 프로필 링크/상담 | 저장 | 공유 | 팔로우,중,오늘/이번달 띠별 운세 시리즈,"오늘/이번달 띠별 운세 시리즈로 주 3~5회 반복. 같은 구조에서 날짜, 띠, 일간, 상황 키워드만 바꿔 발행.","너는 사주 숏폼 기획자다. 입력한 후킹 문구를 기준으로 20~30초 릴스 대본을 만든다. 첫 문장은 단정하고 강하게, 중간은 조건/띠/상황 리스트, 끝은 저장/댓글/팔로우 CTA로 마무리하라.",skini_talk님의 프로필 사진,VidIQ 앱은 로그인 필요. 본 행은 인스타 공개 릴스 그리드 최근 12개 안팎과 대표 릴스 상세 메타 기준.,"1. 8,165 | https://www.instagram.com/ruahdam_saju/reel/DZC2bqcy9AL/
2. 1,727 | https://www.instagram.com/ruahdam_saju/reel/DY6NCTFTjRO/
3. 4.5만 | https://www.instagram.com/ruahdam_saju/reel/DY4hOWezKNN/
4. 1.2만 | https://www.instagram.com/ruahdam_saju/reel/DY2FGrVTWc1/
5. 6,657 | https://www.instagram.com/ruahdam_saju/reel/DYwumEVzHIO/
6. 2,598 | https://www.instagram.com/ruahdam_saju/reel/DYru2NETdaG/
7. 3,226 | https://www.instagram.com/ruahdam_saju/reel/DYmhtxjTPAP/
8. 7,249 | https://www.instagram.com/ruahdam_saju/reel/DYesA7QTukf/
9. 7,306 | https://www.instagram.com/ruahdam_saju/reel/DYZkD8NzaN5/
10. 2,788 | https://www.instagram.com/ruahdam_saju/reel/DYW_N2JTldh/
11. 1.7만 | https://www.instagram.com/ruahdam_saju/reel/DYTZ7VwT4yg/
12. 2,732 | https://www.instagram.com/ruahdam_saju/reel/DYR8hhfTsVH/"
2026-06-03,@halmakase_saju,"@halmakase_saju
할마카세",https://www.instagram.com/halmakase_saju/reels/,profile_ok,15,233107,32000,1809000,1439,https://www.instagram.com/halmakase_saju/reel/DVICJYbDk0q/,"halmakase_saju - February 23, 2026",1,,적합,연애/궁합/재회운,댓글 키워드 유도 + 참여형 테스트,참여형 테스트 화면. 선택/점수/조회형 UI처럼 보여 클릭과 댓글 반응 유도.,만약 운명을 고를 수 있다면? 당신에겐 100점이 있습니다 10점 평생 최저 임금 20점 월 300만원 안정수입 안정 수입 40점 島ョ一自 재물운 현금 50억 보유 평생솔로 평생 연애만 하다 끝남 연애운 운명의 상대와 결혼 만성 스트레스로 인한 잔병치레 체력은 좋지만 가끔씩 크게 아픔 건강운 아픈 곳 없이 장수 펑생 단 번의 기회 도움 도움안되는 안 되는 인맥만 많음 귀인운 사람 덕에 인생이 술술 인생이술술풀림 풀림,"1 likes, 0 comments - halmakase_saju - February 23, 2026: ""👉내 미래 배우자 얼굴 확인하기

아니 미래 배우자 얼굴 조회하는 게 있대서 
재미로 한번 해봤는데...
왜 오빠가 거기서 나와...? ㅋㅋㅋ🤣 
빼박 캔트 천년의 사랑 인증해버림;;;

이거 진짜 소름 돋게 닮은 사람 
나온다는데 너네도 한번 해봐!
(혹시 아는 얼굴 나올지도..?)",댓글 키워드 | 팔로우,상,연애 팔자 경고 시리즈,"연애 팔자 경고 시리즈로 주 3~5회 반복. 같은 구조에서 날짜, 띠, 일간, 상황 키워드만 바꿔 발행.","너는 사주 숏폼 기획자다. 입력한 후킹 문구를 기준으로 20~30초 릴스 대본을 만든다. 첫 문장은 단정하고 강하게, 중간은 조건/띠/상황 리스트, 끝은 저장/댓글/팔로우 CTA로 마무리하라.",만약 운명을 고를 수 있다면? 당신에겐 100점이 있습니다 10점 평생 최저 임금 20점 월 300만원 안…,VidIQ 앱은 로그인 필요. 본 행은 인스타 공개 릴스 그리드 최근 12개 안팎과 대표 릴스 상세 메타 기준.,"1. 3,663 | https://www.instagram.com/halmakase_saju/reel/DZDCmfWuo_R/
2. 2,465 | https://www.instagram.com/halmakase_saju/reel/DZCQi97u5hh/
3. 1,439 | https://www.instagram.com/halmakase_saju/reel/DYra5b4O9d9/
4. 3.2만 | https://www.instagram.com/halmakase_saju/reel/DYrX_uyu3Kq/
5. 18.7만 | https://www.instagram.com/halmakase_saju/reel/DYrVP9wOtkw/
6. 18만 | https://www.instagram.com/halmakase_saju/reel/DYjxi1OOX0K/
7. 6,701 | https://www.instagram.com/halmakase_saju/reel/DYeQmU9Ogbh/
8. 3.2만 | https://www.instagram.com/halmakase_saju/reel/DYeLRzLOstf/
9. 5.1만 | https://www.instagram.com/halmakase_saju/reel/DXOsbXFj0AU/
10. 1.8만 | https://www.instagram.com/halmakase_saju/reel/DXLmUBcDp5F/
11. 41.6만 | https://www.instagram.com/halmakase_saju/reel/DWkcaDqjviB/
12. 59.2만 | https://www.instagram.com/halmakase_saju/reel/DVztKv6joXV/"
2026-06-03,@1000myeongdang,"@1000myeongdang
천명당 - 사주명인",https://www.instagram.com/1000myeongdang/reels/,profile_ok,18,26200,6363,184000,1269,https://www.instagram.com/1000myeongdang/reel/DYwSgWdJ-8c/,"1000myeongdang - May 25, 2026",3952,4462,적합,풍수/개운법,댓글 키워드 유도,"첫 화면에 큰 운세 문구를 두고, 본문은 짧은 리스트 자막과 캡션 긴 풀이로 전환.","용띠 들아 축하한다 76년생, 88년생, 00년생들은 황금복이 들어오는구나 6월4일 큰황금복이 들어온다 그동안 고생 정말 많았다 금기운이 강하게 살아나 큰 행운이 찾아오는 날이다 이기운 받고싶은 용띠들은 댓글에","3,952 likes, 4,462 comments - 1000myeongdang - May 25, 2026: ""그래서 할미가 알려준 비방 꼭 해라
노란 종이나 천 위에
동전 세 개를 삼각형으로 올려두고
현관 안쪽 밝은 곳에 반나절 둬라
그 기운이 막힌 재물 흐름 다시 열어준다
이 복 놓치기 싫은 사람은
댓글에 “재물 열린다” 적어라
할미가 돈길 들어오는 자리 봐주마

#사주풀이 #원숭이띠운세 #부적 #재물운",댓글 키워드 | 팔로우,중,집/지갑/방향 개운 시리즈,"집/지갑/방향 개운 시리즈로 주 3~5회 반복. 같은 구조에서 날짜, 띠, 일간, 상황 키워드만 바꿔 발행.","너는 사주 숏폼 기획자다. 입력한 후킹 문구를 기준으로 20~30초 릴스 대본을 만든다. 첫 문장은 단정하고 강하게, 중간은 조건/띠/상황 리스트, 끝은 저장/댓글/팔로우 CTA로 마무리하라.","용띠 들아 축하한다 76년생, 88년생, 00년생들은 황금복이 들어오는구나 6월4일 큰황금복이 들어온다 그…",VidIQ 앱은 로그인 필요. 본 행은 인스타 공개 릴스 그리드 최근 12개 안팎과 대표 릴스 상세 메타 기준.,"1. 1,269 | https://www.instagram.com/1000myeongdang/reel/DZGj0ETyEft/
2. 4,275 | https://www.instagram.com/1000myeongdang/reel/DY9Woo4JY3e/
3. 5.4만 | https://www.instagram.com/1000myeongdang/reel/DY6tKe-paqZ/
4. 2.8만 | https://www.instagram.com/1000myeongdang/reel/DY4KJv_J7oF/
5. 4.1만 | https://www.instagram.com/1000myeongdang/reel/DY1d_N6pmhq/
6. 9.3만 | https://www.instagram.com/1000myeongdang/reel/DYy8HwxpY8p/
7. 18.4만 | https://www.instagram.com/1000myeongdang/reel/DYwSgWdJ-8c/
8. 5,711 | https://www.instagram.com/1000myeongdang/reel/DYtbVLEJVzD/
9. 2,984 | https://www.instagram.com/1000myeongdang/reel/DYrJNvwpZ25/
10. 1.2만 | https://www.instagram.com/1000myeongdang/reel/DYorBudJm9X/
11. 3,103 | https://www.instagram.com/1000myeongdang/reel/DYmJqG-pr6e/
12. 1만 | https://www.instagram.com/1000myeongdang/reel/DYjaRvRpALk/"
2026-06-03,@sajustar_8,"@sajustar_8
사주스타 | 용하디 용한 온라인 점집",https://www.instagram.com/sajustar_8/reels/,profile_ok,12,4120,2377,18000,197,https://www.instagram.com/sajustar_8/reel/DY_0sOWPIKf/,"sajustar_8 - May 30, 2026",98,5,적합,띠/생일 운세,댓글 키워드 유도,"큰 자막 중심 텍스트 릴스. 배경은 단색, 실사 배경, 또는 간단한 운세 이미지.",지금 인기 상담사 실시간 인기 TOP 상담시 지금 바로 확인해보세요 재회 성공 후기 많은 상담사 재* አ 재 +៉ 신대로 더적 부 회 *적* * 적 속마음 잘보는 상담사 #썸남 직장들료 #남자친구 #여자친구 선생님 말씀대로 됐어요!!! 소름돋는 적중률의 상담사 압도적 적중률1,"98 likes, 5 comments - sajustar_8 - May 30, 2026: ""6월 첫째주 띠별운세, 이것만은 하지마!!! 

* AI를 활용하여 만든 영상입니다.
#주간운세 #띠별운세 #관재수 #사고수 #손해수",댓글 키워드 | 프로필 링크/상담 | 팔로우,중,오늘/이번달 띠별 운세 시리즈,"오늘/이번달 띠별 운세 시리즈로 주 3~5회 반복. 같은 구조에서 날짜, 띠, 일간, 상황 키워드만 바꿔 발행.","너는 사주 숏폼 기획자다. 입력한 후킹 문구를 기준으로 20~30초 릴스 대본을 만든다. 첫 문장은 단정하고 강하게, 중간은 조건/띠/상황 리스트, 끝은 저장/댓글/팔로우 CTA로 마무리하라.",지금 인기 상담사 실시간 인기 TOP 상담시 지금 바로 확인해보세요 재회 성공 후기 많은 상담사 재* አ…,VidIQ 앱은 로그인 필요. 본 행은 인스타 공개 릴스 그리드 최근 12개 안팎과 대표 릴스 상세 메타 기준.,"1. 741 | https://www.instagram.com/sajustar_8/reel/DZGXfS3PNBN/
2. 197 | https://www.instagram.com/sajustar_8/reel/DZE-SkDvMVb/
3. 9,437 | https://www.instagram.com/sajustar_8/reel/DZCA7f-voD6/
4. 8,401 | https://www.instagram.com/sajustar_8/reel/DZBHBMgPxdq/
5. 1.8만 | https://www.instagram.com/sajustar_8/reel/DY_0sOWPIKf/
6. 642 | https://www.instagram.com/sajustar_8/reel/DY9Oa11vpDR/
7. 4,395 | https://www.instagram.com/sajustar_8/reel/DY6rEnBz2uJ/
8. 1,032 | https://www.instagram.com/sajustar_8/reel/DY50tCLvQsd/
9. 1,141 | https://www.instagram.com/sajustar_8/reel/DY4GTIbvDf1/
10. 2,767 | https://www.instagram.com/sajustar_8/reel/DY1hcUlPPFm/
11. 2,377 | https://www.instagram.com/sajustar_8/reel/DY0V8CZvtW8/
12. 313 | https://www.instagram.com/sajustar_8/reel/DYy8zfmk6fY/"
2026-06-03,@gi_unsa,"@gi_unsa
기운사 | 사주 • 무료운세 • 궁합 • 명리학 • 만세력",https://www.instagram.com/gi_unsa/reels/,profile_ok,18,5955,3625,14000,428,https://www.instagram.com/gi_unsa/reel/DZDGAKJtWOa/,"gi_unsa - June 1, 2026",101,47,적합,띠/생일 운세,댓글 키워드 유도,"첫 화면에 큰 운세 문구를 두고, 본문은 짧은 리스트 자막과 캡션 긴 풀이로 전환.","‎ة 2026년 5월 닭띠운세 운세 닭띠 이번 劇 달 잘 풀리기 위해서, 올해 띠별 운세 꼭 확인하세요 간절함이 간점함이닿는곳,기운사 닿는곳, 기운사 舞氣運社‎","101 likes, 47 comments - gi_unsa - June 1, 2026: ""양 소 돼지띠 꼭 댓글달고 부적 받아가라

양·소·돼지띠, 망종에 매듭 하나 풀어야 산다 — 흘려보내지 말거라

망종(유월 닷새)이 지나면 씨앗은 더 이상 기다려주지 않는다.
양띠·소띠·돼지띠, 이 세 띠는 지금 이 절기에 반드시 매듭 하나를 풀어야 한다.

남 눈치 보다 내 것 못 챙기고, 혼자 다 짊어지다 지쳐 쓰러지고, 편함에 기대다 기회를 흘려보낸 자리 — 바로 그 자리가 이번 망종에 열린다.

스스로 한 발만 떼면 된다. 기대는 습관을 내려놓는 그 한 발이, 올 한 해를 바꾼다.

이 영상 본 자들끼리 댓글에 ’양소돼지 매듭풀자‘ 함께 남겨두거라. 흘려보내지 말거라.

#양띠소띠돼지띠 #망종운세 #띠별운세 #사주 #명리학",댓글 키워드 | 팔로우,중,오늘/이번달 띠별 운세 시리즈,"오늘/이번달 띠별 운세 시리즈로 주 3~5회 반복. 같은 구조에서 날짜, 띠, 일간, 상황 키워드만 바꿔 발행.","너는 사주 숏폼 기획자다. 입력한 후킹 문구를 기준으로 20~30초 릴스 대본을 만든다. 첫 문장은 단정하고 강하게, 중간은 조건/띠/상황 리스트, 끝은 저장/댓글/팔로우 CTA로 마무리하라.","‎ة 2026년 5월 닭띠운세 운세 닭띠 이번 劇 달 잘 풀리기 위해서, 올해 띠별 운세 꼭 확인하세요 간…",VidIQ 앱은 로그인 필요. 본 행은 인스타 공개 릴스 그리드 최근 12개 안팎과 대표 릴스 상세 메타 기준.,"1. 3,624 | https://www.instagram.com/gi_unsa/reel/DZF2O8DNw36/
2. 1.4만 | https://www.instagram.com/gi_unsa/reel/DZDGAKJtWOa/
3. 1.4만 | https://www.instagram.com/gi_unsa/reel/DY7C5oJtx0Y/
4. 1만 | https://www.instagram.com/gi_unsa/reel/DY43IQKNY1_/
5. 1.3만 | https://www.instagram.com/gi_unsa/reel/DYz1UJ5tLL8/
6. 1,037 | https://www.instagram.com/gi_unsa/reel/DYpC-3UNHDO/
7. 2,847 | https://www.instagram.com/gi_unsa/reel/DYkVJRktuHl/
8. 3,482 | https://www.instagram.com/gi_unsa/reel/DYhvU93Nhfp/
9. 3,625 | https://www.instagram.com/gi_unsa/reel/DYe8SsRtYTW/
10. 1,558 | https://www.instagram.com/gi_unsa/reel/DYXxCrLTEdK/
11. 455 | https://www.instagram.com/gi_unsa/reel/DYSFe6vN2gn/
12. 428 | https://www.instagram.com/gi_unsa/reel/DYPCt2Itreu/"
2026-06-03,@5seasons_official_,"@5seasons_official_
사주명리 상담센터 파이브시즌스",https://www.instagram.com/5seasons_official_/reels/,profile_ok,18,4913,3049,41000,775,https://www.instagram.com/5seasons_official_/reel/DY5kwAQyxZx/,"5seasons_official_ - May 28, 2026",108,3,적합,사주 조건/명리 분석,댓글 키워드 유도,"큰 자막 중심 텍스트 릴스. 배경은 단색, 실사 배경, 또는 간단한 운세 이미지.","무토일간 6월,갑오월운세 6월, 갑오월 운세 5SEASONS","108 likes, 3 comments - 5seasons_official_ - May 28, 2026: ""운세박람회
#운세박람회 #파이브시즌스 #사주상담",댓글 키워드 | 프로필 링크/상담 | 팔로우,중,내 사주 조건 체크 시리즈,"내 사주 조건 체크 시리즈로 주 3~5회 반복. 같은 구조에서 날짜, 띠, 일간, 상황 키워드만 바꿔 발행.","너는 사주 숏폼 기획자다. 입력한 후킹 문구를 기준으로 20~30초 릴스 대본을 만든다. 첫 문장은 단정하고 강하게, 중간은 조건/띠/상황 리스트, 끝은 저장/댓글/팔로우 CTA로 마무리하라.","무토일간 6월,갑오월운세 6월, 갑오월 운세 5SEASONS",VidIQ 앱은 로그인 필요. 본 행은 인스타 공개 릴스 그리드 최근 12개 안팎과 대표 릴스 상세 메타 기준.,"1. 3,185 | https://www.instagram.com/5seasons_official_/reel/DZCIuo8ud2i/
2. 1,883 | https://www.instagram.com/5seasons_official_/reel/DZAZXRpugOL/
3. 4.1만 | https://www.instagram.com/5seasons_official_/reel/DY5kwAQyxZx/
4. 1,184 | https://www.instagram.com/5seasons_official_/reel/DYgiials8E6/
5. 775 | https://www.instagram.com/5seasons_official_/reel/DYL8VgPNJnM/
6. 783 | https://www.instagram.com/5seasons_official_/reel/DYIrc1azr2S/
7. 1,051 | https://www.instagram.com/5seasons_official_/reel/DYD3kdxSTsa/
8. 1,632 | https://www.instagram.com/5seasons_official_/reel/DX9EH0nBPqM/
9. 3,639 | https://www.instagram.com/5seasons_official_/reel/DX4KiCmtlNO/
10. 3,780 | https://www.instagram.com/5seasons_official_/reel/DW42qYETbwO/
11. 8,924 | https://www.instagram.com/5seasons_official_/reel/DW2R8EgTEAJ/
12. 3,891 | https://www.instagram.com/5seasons_official_/reel/DWztH9FT1ad/"
2026-06-03,@fortunade_,"@fortunade_
운세 별자리 사주 타로 전문 포춘에이드",https://www.instagram.com/fortunade_/reels/,profile_ok,18,7749,6420,22000,2437,https://www.instagram.com/fortunade_/reel/DPD9czJD0J0/,"fortunade_ - September 26, 2025",18,,적합,연애/궁합/재회운,텍스트 카드형,"큰 자막 중심 텍스트 릴스. 배경은 단색, 실사 배경, 또는 간단한 운세 이미지.",6.1-6.14 내 ㅐ연애펄살기 여우진? 곰꼬? 루료로 무료로알아보기 알아보기 타로 공유하면 추첨을 통해 10명 올영 1만원권 (+전원 500P),"18 likes, 0 comments - fortunade_ - September 26, 2025: ""포기할 수 없는 짝사랑, 이 사랑은 끝내 이루어질 수 있을까요?
그 사람의 진심, 그리고 당신이 알아야 할 조건과 전환점까지…
현대의 마녀 ‘카노 코코’가 알려주는 단 하나의 답.

👉 프로필 링크에서 포춘에이드로 들어가
〈포기할 수 없는 짝사랑, 진짜 이루어지긴 하는 걸까?〉를 검색해 보세요.

#포춘에이드 #짝사랑 #짝사랑운세",프로필 링크/상담 | 공유 | 팔로우,중,연애 팔자 경고 시리즈,"연애 팔자 경고 시리즈로 주 3~5회 반복. 같은 구조에서 날짜, 띠, 일간, 상황 키워드만 바꿔 발행.","너는 사주 숏폼 기획자다. 입력한 후킹 문구를 기준으로 20~30초 릴스 대본을 만든다. 첫 문장은 단정하고 강하게, 중간은 조건/띠/상황 리스트, 끝은 저장/댓글/팔로우 CTA로 마무리하라.",6.1-6.14 내 ㅐ연애펄살기 여우진? 곰꼬? 루료로 무료로알아보기 알아보기 타로 공유하면 추첨을 통해…,VidIQ 앱은 로그인 필요. 본 행은 인스타 공개 릴스 그리드 최근 12개 안팎과 대표 릴스 상세 메타 기준.,"1. 8,471 | https://www.instagram.com/fortunade_/reel/DRiZAfWCOoT/
2. 2,437 | https://www.instagram.com/fortunade_/reel/DP562hoD1ng/
3. 1.6만 | https://www.instagram.com/fortunade_/reel/DPgqwnkgUF2/
4. 8,512 | https://www.instagram.com/fortunade_/reel/DPgqRmNgXJT/
5. 1.4만 | https://www.instagram.com/fortunade_/reel/DPZAtYyjHbY/
6. 6,420 | https://www.instagram.com/fortunade_/reel/DPY9p0dCdQ6/
7. 2.2만 | https://www.instagram.com/fortunade_/reel/DPD9czJD0J0/
8. 1.4만 | https://www.instagram.com/fortunade_/reel/DPD9LcrAkoo/
9. 6,873 | https://www.instagram.com/fortunade_/reel/DIC0OzrKdGA/
10. 3,505 | https://www.instagram.com/fortunade_/reel/DELhH8FN-Jt/
11. 4,441 | https://www.instagram.com/fortunade_/reel/DBuqRTLPGSS/
12. 4,315 | https://www.instagram.com/fortunade_/reel/DBIHXzWBP2y/"
2026-06-03,@gilundosa,@gilundosa,https://www.instagram.com/gilundosa/reels/,profile_ok,18,6046,5279,15000,2234,https://www.instagram.com/gilundosa/reel/DZBvN-dSVdp/,"gilundosa - May 31, 2026",361,1408,적합,풍수/개운법,댓글 키워드 유도 + 리스트/순위형,"첫 화면에 큰 운세 문구를 두고, 본문은 짧은 리스트 자막과 캡션 긴 풀이로 전환.",世 變 安 命 理 通 사주 사주역술가 역술가 충남 아산 30년 사주전문가 길운도사 김순구 선생님,"361 likes, 1,408 comments - gilundosa - May 31, 2026: ""댓글에 ""재복""남기시고 3단계 비방 안내받으세요.

6월, 재복(財福)
만원 지폐 한 장만 준비해보셔요.

세종대왕님 얼굴이 안쪽을 향하도록 하시고, 갓이 현관 쪽을 향하도록 현관 발매트 밑에 넣어두셔요.

예로부터 들어오는 재물을 반기고, 재복을 모으는 의미로 전해져 내려오는 방법입니다.

큰돈은 갑자기 들어오는 것이 아니라 작은 재물의 씨앗이 모여 만들어지는 경우가 많습니다.

6월은 재물의 흐름이 강하게 움직이는 달인 만큼 작은 비방이라도 꼭 하셔야해요.

댓글에 ""재복"" 남겨주시면 500원 동전을 이용한 3단계 비방
안내드리겠습니다.
*팔로우 하셔야 정상 발송됩니다",댓글 키워드 | 팔로우,중,집/지갑/방향 개운 시리즈,"집/지갑/방향 개운 시리즈로 주 3~5회 반복. 같은 구조에서 날짜, 띠, 일간, 상황 키워드만 바꿔 발행.","너는 사주 숏폼 기획자다. 입력한 후킹 문구를 기준으로 20~30초 릴스 대본을 만든다. 첫 문장은 단정하고 강하게, 중간은 조건/띠/상황 리스트, 끝은 저장/댓글/팔로우 CTA로 마무리하라.",世 變 安 命 理 通 사주 사주역술가 역술가 충남 아산 30년 사주전문가 길운도사 김순구 선생님,VidIQ 앱은 로그인 필요. 본 행은 인스타 공개 릴스 그리드 최근 12개 안팎과 대표 릴스 상세 메타 기준.,"1. 2,702 | https://www.instagram.com/gilundosa/reel/DZEa6j7SPVM/
2. 3,515 | https://www.instagram.com/gilundosa/reel/DZDCsh5yJND/
3. 1.5만 | https://www.instagram.com/gilundosa/reel/DZBvN-dSVdp/
4. 4,674 | https://www.instagram.com/gilundosa/reel/DZBoNbyyENP/
5. 5,279 | https://www.instagram.com/gilundosa/reel/DY_xOdzyXu9/
6. 2,779 | https://www.instagram.com/gilundosa/reel/DY9T4DrSfP6/
7. 7,349 | https://www.instagram.com/gilundosa/reel/DY9NewFSrTY/
8. 3,898 | https://www.instagram.com/gilundosa/reel/DY60AWUykPA/
9. 6,563 | https://www.instagram.com/gilundosa/reel/DY5xOkZyGB5/
10. 1.2만 | https://www.instagram.com/gilundosa/reel/DY2GvNNy5lN/
11. 2,234 | https://www.instagram.com/gilundosa/reel/DYzK2Lsyni1/
12. 6,440 | https://www.instagram.com/gilundosa/reel/DYyHnLfy4pB/"
2026-06-03,@myeongun.saju,@myeongun.saju,https://www.instagram.com/myeongun.saju/reels/,profile_ok,18,15106,12000,56000,6361,https://www.instagram.com/myeongun.saju/reel/DY6zx-ahfD8/,"myeongun.saju - May 29, 2026",1110,845,적합,띠/생일 운세,댓글 키워드 유도 + 리스트/순위형,"첫 화면에 큰 운세 문구를 두고, 본문은 짧은 리스트 자막과 캡션 긴 풀이로 전환.","‎양띠 축하드립니다 막혀있던 재물운이 다시 움직이기 시작합니다 67년생, 79년생, 91년생들은 금기운, 토기운이 강하게 들어오며 재물운과 금전운이 함께 살아나는 흐름입니다 이 기운 강하게 받을 사람들은 댓글에","1,110 likes, 845 comments - myeongun.saju - May 29, 2026: ""✨ 5월 마지막 주
원숭이띠 귀인운 크게 들어옵니다 ✨

요즘 이상하게 사람 연락 늘어나고
새로운 인연 들어오는 느낌 든다면
이번 흐름 그냥 아닐 수 있습니다.

특히 30일은
멈춰있던 사람운이 다시 움직이는 날 🌙

☕ 따뜻한 커피 한 잔 마시러
가볍게 밖으로 나가보세요

📍운명의 장소 : 카페
🎨행운의 색상 : 베이지색

그 기운이
막혀있던 귀인 흐름 다시 열어줍니다 ✨

이 기회 놓치기 싫다면
댓글에 “귀인 들어온다” 남겨보세요 💫

복채로는 좋아요 하나면 충분합니다 🤍

#사주 #운세 #부적 #귀인 #운명",댓글 키워드 | 팔로우,중,오늘/이번달 띠별 운세 시리즈,"오늘/이번달 띠별 운세 시리즈로 주 3~5회 반복. 같은 구조에서 날짜, 띠, 일간, 상황 키워드만 바꿔 발행.","너는 사주 숏폼 기획자다. 입력한 후킹 문구를 기준으로 20~30초 릴스 대본을 만든다. 첫 문장은 단정하고 강하게, 중간은 조건/띠/상황 리스트, 끝은 저장/댓글/팔로우 CTA로 마무리하라.","‎양띠 축하드립니다 막혀있던 재물운이 다시 움직이기 시작합니다 67년생, 79년생, 91년생들은 금기운,…",VidIQ 앱은 로그인 필요. 본 행은 인스타 공개 릴스 그리드 최근 12개 안팎과 대표 릴스 상세 메타 기준.,"1. 1.6만 | https://www.instagram.com/myeongun.saju/reel/DZFFmTihFz_/
2. 1.2만 | https://www.instagram.com/myeongun.saju/reel/DZCbY8thFoL/
3. 6,361 | https://www.instagram.com/myeongun.saju/reel/DY-87gIhmNA/
4. 8,133 | https://www.instagram.com/myeongun.saju/reel/DY9dBFvh9Uu/
5. 5.6만 | https://www.instagram.com/myeongun.saju/reel/DY6zx-ahfD8/
6. 1.2만 | https://www.instagram.com/myeongun.saju/reel/DY3ZTX6hqrf/
7. 8,588 | https://www.instagram.com/myeongun.saju/reel/DY0l1U8BaV0/
8. 1만 | https://www.instagram.com/myeongun.saju/reel/DYy_WAbBdSi/
9. 8,172 | https://www.instagram.com/myeongun.saju/reel/DYvl39xhM5V/
10. 1.3만 | https://www.instagram.com/myeongun.saju/reel/DYs6X8DBw6Y/
11. 1.7만 | https://www.instagram.com/myeongun.saju/reel/DYqh5L_hbV5/
12. 1.6만 | https://www.instagram.com/myeongun.saju/reel/DYnu8eQhwFt/"
2026-06-03,@pungsugosisang,@pungsugosisang,https://www.instagram.com/pungsugosisang/reels/,profile_ok,12,1070,985,1899,256,https://www.instagram.com/pungsugosisang/reel/DY3gf2GBB8e/,"pungsugosisang - May 27, 2026",23,5,적합,풍수/개운법,댓글 키워드 유도,"큰 자막 중심 텍스트 릴스. 배경은 단색, 실사 배경, 또는 간단한 운세 이미지.",‎6월 3일 6월3일 금전 3일금전대박 대박,"23 likes, 5 comments - pungsugosisang - May 27, 2026: ""⚠️자신의 띠를 남겨주세요 6월 1일 지갑에 현금있으면 대박나는 띠 #쥐띠 #용띠 #토끼띠 #사주 #운세",댓글 키워드 | 팔로우,중,집/지갑/방향 개운 시리즈,"집/지갑/방향 개운 시리즈로 주 3~5회 반복. 같은 구조에서 날짜, 띠, 일간, 상황 키워드만 바꿔 발행.","너는 사주 숏폼 기획자다. 입력한 후킹 문구를 기준으로 20~30초 릴스 대본을 만든다. 첫 문장은 단정하고 강하게, 중간은 조건/띠/상황 리스트, 끝은 저장/댓글/팔로우 CTA로 마무리하라.",‎6월 3일 6월3일 금전 3일금전대박 대박,VidIQ 앱은 로그인 필요. 본 행은 인스타 공개 릴스 그리드 최근 12개 안팎과 대표 릴스 상세 메타 기준.,"1. 332 | https://www.instagram.com/pungsugosisang/reel/DZG0qaRB8-0/
2. 256 | https://www.instagram.com/pungsugosisang/reel/DZGlOxEBi8w/
3. 707 | https://www.instagram.com/pungsugosisang/reel/DZE9cl5hWdj/
4. 1,821 | https://www.instagram.com/pungsugosisang/reel/DZEvcGxh62K/
5. 1,762 | https://www.instagram.com/pungsugosisang/reel/DZEGoR6hEjb/
6. 1,248 | https://www.instagram.com/pungsugosisang/reel/DZCvx1Lhv_u/
7. 426 | https://www.instagram.com/pungsugosisang/reel/DY_EAaxhcAu/
8. 839 | https://www.instagram.com/pungsugosisang/reel/DY6iEvNB4mx/
9. 1,899 | https://www.instagram.com/pungsugosisang/reel/DY3gf2GBB8e/
10. 896 | https://www.instagram.com/pungsugosisang/reel/DY3UUteh5qW/
11. 985 | https://www.instagram.com/pungsugosisang/reel/DY1k3SAhpgP/
12. 1,670 | https://www.instagram.com/pungsugosisang/reel/DY1JckRhNpo/"
2026-06-03,@jinga_saju,@jinga_saju,https://www.instagram.com/jinga_saju/reels/,profile_ok,18,20596,17000,46000,5324,https://www.instagram.com/jinga_saju/reel/DYW62n0sAnd/,"jinga_saju - May 15, 2026",2186,1197,적합,띠/생일 운세,댓글 키워드 유도 + 리스트/순위형,"큰 자막 중심 텍스트 릴스. 배경은 단색, 실사 배경, 또는 간단한 운세 이미지.",skini_talk님의 프로필 사진,"2,186 likes, 1,197 comments - jinga_saju - May 15, 2026: ""토끼띠 양띠 돼지띠가 당장 내일 겪게 될 소름돋는 횡재수 (식신생재 대운)

평소라면 무심코 지나쳤을 그 순간이 내일은 완전히 다릅니다. 보이지 않는 조상의 기운이 식신생재의 재물길을 열어주는 때, 절대 놓치지 마시고 다가온 횡재수를 꽉 잡으시길 바랍니다.

#토끼띠운세 #양띠운세 #돼지띠운세 #식신생재 #무료행운번호",댓글 키워드 | 팔로우,중,오늘/이번달 띠별 운세 시리즈,"오늘/이번달 띠별 운세 시리즈로 주 3~5회 반복. 같은 구조에서 날짜, 띠, 일간, 상황 키워드만 바꿔 발행.","너는 사주 숏폼 기획자다. 입력한 후킹 문구를 기준으로 20~30초 릴스 대본을 만든다. 첫 문장은 단정하고 강하게, 중간은 조건/띠/상황 리스트, 끝은 저장/댓글/팔로우 CTA로 마무리하라.",skini_talk님의 프로필 사진,VidIQ 앱은 로그인 필요. 본 행은 인스타 공개 릴스 그리드 최근 12개 안팎과 대표 릴스 상세 메타 기준.,"1. 1.5만 | https://www.instagram.com/jinga_saju/reel/DZB-bm3MQEP/
2. 3.8만 | https://www.instagram.com/jinga_saju/reel/DY9W25XMXim/
3. 5,324 | https://www.instagram.com/jinga_saju/reel/DY4LnGWsqpL/
4. 1.3만 | https://www.instagram.com/jinga_saju/reel/DY1kVcHsCou/
5. 2.2만 | https://www.instagram.com/jinga_saju/reel/DYzM_W0sGFL/
6. 1.6만 | https://www.instagram.com/jinga_saju/reel/DYt1RHdMaR8/
7. 9,572 | https://www.instagram.com/jinga_saju/reel/DYmUPTXstVC/
8. 1.3만 | https://www.instagram.com/jinga_saju/reel/DYjmJnkM_C4/
9. 4.6만 | https://www.instagram.com/jinga_saju/reel/DYW62n0sAnd/
10. 1.2만 | https://www.instagram.com/jinga_saju/reel/DYUHc8XskXV/
11. 2.1만 | https://www.instagram.com/jinga_saju/reel/DYOmy4bsnO8/
12. 2.6만 | https://www.instagram.com/jinga_saju/reel/DYEY5O0sGC2/"
2026-06-03,@sajustudio.official,@sajustudio.official,https://www.instagram.com/sajustudio.official/reels/,profile_ok,15,5151,721,45000,95,https://www.instagram.com/sajustudio.official/reel/DTj7yFPj_sL/,"sajustudio.official - January 15, 2026",1386,831,비사주/참고만,비사주 바이럴/테스트형,댓글 키워드 유도 + 리스트/순위형,"첫 화면에 큰 운세 문구를 두고, 본문은 짧은 리스트 자막과 캡션 긴 풀이로 전환.",skini_talk님의 프로필 사진,"1,386 likes, 831 comments - sajustudio.official - January 15, 2026: ""자신의 화국의 완성을 알고싶으시면
✅️""팔로우"" 하시고, 댓글에 ""기회를 잡겠다""라고 적어두시면
순서대로 내용 전달 드리겠습니다📧",댓글 키워드 | 팔로우,낮음,참여형 테스트 포맷 참고,"참여형 테스트 포맷 참고로 주 3~5회 반복. 같은 구조에서 날짜, 띠, 일간, 상황 키워드만 바꿔 발행.","너는 사주 인스타 릴스 기획자다. 사용자가 입력한 테스트형 후킹을 사주/운세 주제로 바꿔라. 구성은 1) 첫 화면 질문 2) 선택지/조건 3) 결과 3가지 4) 댓글 키워드 CTA 5) 상담 전환 문구. 비사주 소재는 그대로 쓰지 말고 사주, 띠, 일간, 재물운, 연애운 중 하나로 치환하라.",skini_talk님의 프로필 사진,VidIQ 앱은 로그인 필요. 본 행은 인스타 공개 릴스 그리드 최근 12개 안팎과 대표 릴스 상세 메타 기준.,"1. 923 | https://www.instagram.com/sajustudio.official/reel/DTq6PbAEr3g/
2. 2,024 | https://www.instagram.com/sajustudio.official/reel/DToWeYOkg9z/
3. 490 | https://www.instagram.com/sajustudio.official/reel/DTl8Paxkvti/
4. 4.5만 | https://www.instagram.com/sajustudio.official/reel/DTj7yFPj_sL/
5. 2만 | https://www.instagram.com/sajustudio.official/reel/DTg36cKjzR3/
6. 1,143 | https://www.instagram.com/sajustudio.official/reel/DTeF89fEjuo/
7. 632 | https://www.instagram.com/sajustudio.official/reel/DTbi6F9EqM2/
8. 721 | https://www.instagram.com/sajustudio.official/reel/DTZjV-5j5R_/
9. 992 | https://www.instagram.com/sajustudio.official/reel/DTXgCTSDzRX/
10. 549 | https://www.instagram.com/sajustudio.official/reel/DTTlQWkE-KN/
11. 3,609 | https://www.instagram.com/sajustudio.official/reel/DTR-i7sDxpR/
12. 521 | https://www.instagram.com/sajustudio.official/reel/DTQOe51D8eg/"
2026-06-03,@the_luckyforecast,@the_luckyforecast,https://www.instagram.com/the_luckyforecast/reels/,profile_ok,18,11299,9124,30000,3145,https://www.instagram.com/the_luckyforecast/reel/DZDA-qIpRmt/,"the_luckyforecast - June 1, 2026",178,,적합,띠/생일 운세,텍스트 카드형,"큰 자막 중심 텍스트 릴스. 배경은 단색, 실사 배경, 또는 간단한 운세 이미지.",skini_talk님의 프로필 사진,"178 likes, 0 comments - the_luckyforecast - June 1, 2026: ""📅 6월 2일 화요일
토끼띠, 오늘 입조심이 재산을 지키는 길이에요
🐰 1963·1975·1987·1999년생
오늘의 운세입니다. ✨ 예의를 지키지 않으면 큰 언쟁이 생겨요
💰 새는 돈을 막는 지혜가 필요한 날이에요
💪 수분 섭취에 신경 써야 하는 시기예요
🎯 서운한 마음은 말보다 글로 적어보세요 💼 회의 중 가벼운 농담이 오해를 불러요
💕 진심은 전해지지만 방식이 서툴 수 있어요
#오늘의운세 #토끼띠 #행운마녀 #일일운세
#dailyhoroscope #zodiac #astrology
#今日の運勢 #占い #兎年
📌 좋은 기운 같이 나눠요 💕 저장 & 공유하면 복이 두 배!",저장 | 공유 | 팔로우,중,오늘/이번달 띠별 운세 시리즈,"오늘/이번달 띠별 운세 시리즈로 주 3~5회 반복. 같은 구조에서 날짜, 띠, 일간, 상황 키워드만 바꿔 발행.","너는 사주 숏폼 기획자다. 입력한 후킹 문구를 기준으로 20~30초 릴스 대본을 만든다. 첫 문장은 단정하고 강하게, 중간은 조건/띠/상황 리스트, 끝은 저장/댓글/팔로우 CTA로 마무리하라.",skini_talk님의 프로필 사진,VidIQ 앱은 로그인 필요. 본 행은 인스타 공개 릴스 그리드 최근 12개 안팎과 대표 릴스 상세 메타 기준.,"1. 4,211 | https://www.instagram.com/the_luckyforecast/reel/DZFZ27ypQrE/
2. 3,650 | https://www.instagram.com/the_luckyforecast/reel/DZFZuCMJKVn/
3. 5,526 | https://www.instagram.com/the_luckyforecast/reel/DZFZlM3JDUP/
4. 8,734 | https://www.instagram.com/the_luckyforecast/reel/DZFZcYHpMxA/
5. 1.1만 | https://www.instagram.com/the_luckyforecast/reel/DZFZS-spTwa/
6. 1만 | https://www.instagram.com/the_luckyforecast/reel/DZFZJm1JZn-/
7. 6,759 | https://www.instagram.com/the_luckyforecast/reel/DZFZAO1JsA9/
8. 9,124 | https://www.instagram.com/the_luckyforecast/reel/DZFY24UJaOm/
9. 6,550 | https://www.instagram.com/the_luckyforecast/reel/DZFYth6J5HL/
10. 3,145 | https://www.instagram.com/the_luckyforecast/reel/DZFYkFFJa1C/
11. 5,582 | https://www.instagram.com/the_luckyforecast/reel/DZDB-0bJfwc/
12. 6,097 | https://www.instagram.com/the_luckyforecast/reel/DZDB1-yphns/"
2026-06-03,@sajunara_official,@sajunara_official,https://www.instagram.com/sajunara_official/reels/,profile_ok,18,8894,5578,37000,1363,https://www.instagram.com/sajunara_official/reel/DY5wNcJz74N/,"sajunara_official - May 28, 2026",420,135,적합,재물/로또운,댓글 키워드 유도,"첫 화면에 큰 운세 문구를 두고, 본문은 짧은 리스트 자막과 캡션 긴 풀이로 전환.","an image of calendar, poster, pie and text.","420 likes, 135 comments - sajunara_official - May 28, 2026: ""💰6월 로또 당첨운이 가장 좋은 띠 TOP3

💬댓글에 “당첨"" 이라고 적어주시면, 
재물을 불리는 방법을 알려주는
""프리미엄 사주백서 재물운 비밀 할인쿠폰""을 보내드립니다.

지금 '재물운' 강력 상승 시키고 싶은분들께서는
사주나라 프로필에서 길운 받으세요. - @sajunara_official

앞으로 운세가 궁금하신 분들은 팔로우
해두시면 좋습니다.

#사주나라 #사주백서 #재물운 #재물사주 #신년운세 #띠별운세 #오늘의운세 #월별운세 #명언 #부적 #무당 #사주풀이 #사주궁합",댓글 키워드 | 프로필 링크/상담 | 팔로우,중,돈 들어오는 띠/일간 시리즈,"돈 들어오는 띠/일간 시리즈로 주 3~5회 반복. 같은 구조에서 날짜, 띠, 일간, 상황 키워드만 바꿔 발행.","너는 사주 숏폼 기획자다. 입력한 후킹 문구를 기준으로 20~30초 릴스 대본을 만든다. 첫 문장은 단정하고 강하게, 중간은 조건/띠/상황 리스트, 끝은 저장/댓글/팔로우 CTA로 마무리하라.","an image of calendar, poster, pie and text.",VidIQ 앱은 로그인 필요. 본 행은 인스타 공개 릴스 그리드 최근 12개 안팎과 대표 릴스 상세 메타 기준.,"1. 1,363 | https://www.instagram.com/sajunara_official/reel/DZEmQUyhRnp/
2. 3.7만 | https://www.instagram.com/sajunara_official/reel/DY5wNcJz74N/
3. 6,320 | https://www.instagram.com/sajunara_official/reel/DY1AKO_HULj/
4. 3,838 | https://www.instagram.com/sajunara_official/reel/DW8N_rCjdkG/
5. 3,056 | https://www.instagram.com/sajunara_official/reel/DW3CVdjj_sh/
6. 9,643 | https://www.instagram.com/sajunara_official/reel/DWyIVciIFAy/
7. 3,239 | https://www.instagram.com/sajunara_official/reel/DWqTPOkDCWi/
8. 4,558 | https://www.instagram.com/sajunara_official/reel/DWlLoipoLdq/
9. 2,513 | https://www.instagram.com/sajunara_official/reel/DWiURh6DHqw/
10. 5,578 | https://www.instagram.com/sajunara_official/reel/DWYO4kwkUkS/
11. 2.8만 | https://www.instagram.com/sajunara_official/reel/DWSy30qgDfE/
12. 5,690 | https://www.instagram.com/sajunara_official/reel/DWGV7-HgbHI/"
2026-06-03,@saju.tarot,@saju.tarot,https://www.instagram.com/saju.tarot/reels/,profile_ok,2,9662,14000,14000,5324,https://www.instagram.com/saju.tarot/reel/B6bKfhjhmOR/,"saju.tarot - December 23, 2019",274,19,적합,띠/생일 운세,댓글 키워드 유도 + 리스트/순위형,"큰 자막 중심 텍스트 릴스. 배경은 단색, 실사 배경, 또는 간단한 운세 이미지.","an image of crossword puzzle, calendar and text.","274 likes, 19 comments - saju.tarot - December 23, 2019: ""2020년 신년운세 쥐띠 소띠 영상 올렸습니다. 인스타에느느안타깝게 1분이 최대이므로 유투브 링크 남기겠습니다. https://youtu.be/iYlkQcItmJU",댓글 키워드 | 팔로우,중,오늘/이번달 띠별 운세 시리즈,"오늘/이번달 띠별 운세 시리즈로 주 3~5회 반복. 같은 구조에서 날짜, 띠, 일간, 상황 키워드만 바꿔 발행.","너는 사주 숏폼 기획자다. 입력한 후킹 문구를 기준으로 20~30초 릴스 대본을 만든다. 첫 문장은 단정하고 강하게, 중간은 조건/띠/상황 리스트, 끝은 저장/댓글/팔로우 CTA로 마무리하라.","an image of crossword puzzle, calendar and text.",VidIQ 앱은 로그인 필요. 본 행은 인스타 공개 릴스 그리드 최근 12개 안팎과 대표 릴스 상세 메타 기준.,"1. 5,324 | https://www.instagram.com/saju.tarot/reel/CBdpYFFFB2P/
2. 1.4만 | https://www.instagram.com/saju.tarot/reel/B6bKfhjhmOR/"
2026-06-03,@sajuabc,"@sajuabc
사주 궁합 이름 전화상담",https://www.instagram.com/sajuabc/reels/,profile_ok,18,5220,5267,11000,634,https://www.instagram.com/sajuabc/reel/CjPmMtDg2cm/,"sajuabc - October 3, 2022",109,,적합,일반 운세/상담 전환,텍스트 카드형,"큰 자막 중심 텍스트 릴스. 배경은 단색, 실사 배경, 또는 간단한 운세 이미지.",대감님사주 내일의 운세 2026년 6월 4일 목요일 오늘의 운세를 하루 먼저 보시고 미리 대비하세요 대한민국 No.1 자원높은 전화상담 철학관 대감님 사주,"109 likes, 0 comments - sajuabc - October 3, 2022: ""#농게 #등산로 #산게 #산에사는게 #생태 #바다게",프로필 링크/상담 | 팔로우,중,사주 운세 전환 시리즈,"사주 운세 전환 시리즈로 주 3~5회 반복. 같은 구조에서 날짜, 띠, 일간, 상황 키워드만 바꿔 발행.","너는 사주 숏폼 기획자다. 입력한 후킹 문구를 기준으로 20~30초 릴스 대본을 만든다. 첫 문장은 단정하고 강하게, 중간은 조건/띠/상황 리스트, 끝은 저장/댓글/팔로우 CTA로 마무리하라.",대감님사주 내일의 운세 2026년 6월 4일 목요일 오늘의 운세를 하루 먼저 보시고 미리 대비하세요 대한민…,VidIQ 앱은 로그인 필요. 본 행은 인스타 공개 릴스 그리드 최근 12개 안팎과 대표 릴스 상세 메타 기준.,"1. 3,252 | https://www.instagram.com/sajuabc/reel/DS6Cw1AE9vA/
2. 3,805 | https://www.instagram.com/sajuabc/reel/DRS3O4aExIR/
3. 2,363 | https://www.instagram.com/sajuabc/reel/DRNtgeWk-0i/
4. 4,030 | https://www.instagram.com/sajuabc/reel/DGRVyX5TKPM/
5. 3,496 | https://www.instagram.com/sajuabc/reel/DEjVaC9PWU-/
6. 5,267 | https://www.instagram.com/sajuabc/reel/C5r_SfjvJoh/
7. 3,969 | https://www.instagram.com/sajuabc/reel/CzVxpT9Pm9y/
8. 5,763 | https://www.instagram.com/sajuabc/reel/CzJZ0kKP7mp/
9. 5,169 | https://www.instagram.com/sajuabc/reel/CyaW4lAPVUR/
10. 5,797 | https://www.instagram.com/sajuabc/reel/CyALredPotJ/
11. 5,475 | https://www.instagram.com/sajuabc/reel/CqmNLWlA4uW/
12. 7,511 | https://www.instagram.com/sajuabc/reel/Coiwtbug1N3/"
2026-06-03,@__ahnsso__,@__ahnsso__,https://www.instagram.com/__ahnsso__/reels/,profile_ok,12,6325,1014,63000,532,https://www.instagram.com/__ahnsso__/reel/DYt422BMRjx/,"__ahnsso__ - May 24, 2026",321,15,비사주/참고만,비사주 바이럴/테스트형,댓글 키워드 유도,"큰 자막 중심 텍스트 릴스. 배경은 단색, 실사 배경, 또는 간단한 운세 이미지.",CAFETER Korea Korea2026 2026,"321 likes, 15 comments - __ahnsso__ - May 24, 2026: ""살짝사심리뷰 : 지창욱 섹시하다🤤

#군체 #안쏘리뷰",댓글 키워드 | 팔로우,낮음,참여형 테스트 포맷 참고,"참여형 테스트 포맷 참고로 주 3~5회 반복. 같은 구조에서 날짜, 띠, 일간, 상황 키워드만 바꿔 발행.","너는 사주 인스타 릴스 기획자다. 사용자가 입력한 테스트형 후킹을 사주/운세 주제로 바꿔라. 구성은 1) 첫 화면 질문 2) 선택지/조건 3) 결과 3가지 4) 댓글 키워드 CTA 5) 상담 전환 문구. 비사주 소재는 그대로 쓰지 말고 사주, 띠, 일간, 재물운, 연애운 중 하나로 치환하라.",CAFETER Korea Korea2026 2026,VidIQ 앱은 로그인 필요. 본 행은 인스타 공개 릴스 그리드 최근 12개 안팎과 대표 릴스 상세 메타 기준.,"1. 3,242 | https://www.instagram.com/__ahnsso__/reel/DY3FfOlTghj/
2. 6.3만 | https://www.instagram.com/__ahnsso__/reel/DYt422BMRjx/
3. 1,426 | https://www.instagram.com/__ahnsso__/reel/DYqNUgcTip4/
4. 680 | https://www.instagram.com/__ahnsso__/reel/DYPeb2Vuurh/
5. 1,159 | https://www.instagram.com/__ahnsso__/reel/DS-ICzPkvdF/
6. 762 | https://www.instagram.com/__ahnsso__/reel/DSOaT0EEr1S/
7. 767 | https://www.instagram.com/__ahnsso__/reel/DSKvUx-EhLn/
8. 532 | https://www.instagram.com/__ahnsso__/reel/DSKiAOuEptt/
9. 884 | https://www.instagram.com/__ahnsso__/reel/DRreeLNDRDO/
10. 1,533 | https://www.instagram.com/__ahnsso__/reel/DP9BsLjEkiW/
11. 905 | https://www.instagram.com/__ahnsso__/reel/DN0rwu05P0T/
12. 1,014 | https://www.instagram.com/__ahnsso__/reel/DNK9qfiycjR/"
2026-06-03,@jane_life_counselor,"@jane_life_counselor
제인 사주&타로 아카데미/진로.적성 명리코칭",https://www.instagram.com/jane_life_counselor/reels/,profile_ok,18,399,362,859,191,https://www.instagram.com/jane_life_counselor/reel/DVxi-2SDrTW/,"jane_life_counselor - March 11, 2026",21,,적합,풍수/개운법,텍스트 카드형,"큰 자막 중심 텍스트 릴스. 배경은 단색, 실사 배경, 또는 간단한 운세 이미지.","‎사주공부 순서 م_اد 1 이론 2 임상 天 3 직관력 五 干 地 支 뭘 년 陰 陽 甲 일 2 丙 丁 午 午成 成 子 기초를 다지는 단계 사주 사주이톤, 이돈, 명리학의 뭔리, 오행, 십신, 간지 오행,십신,간지등 등 기본개념을학습합니다. 기본 개념을 학습합니다. 실전 경험을 쌓는 실전경험을쌓는단계 단계 다양한 사주를 분석하고 사례를동해응용리과 사례를 통해 응용력과 헤석능력을키옵니다. 해석 능력을 키옵니다. 통찰로 완성하는 통찰로완성하는단계 단계 이론과경험이 쌓여 이론과 경험이 직관과 동잘로 연결되며 자신만의 해석을 완성합니다. 이론으로 시작해, 경험으로 다지고, 이론으로서각해,경협으로대치고,직관으로원성할다. 직관으로 완성한다.‎","21 likes, 0 comments - jane_life_counselor - March 11, 2026: ""분당 제인라이프카운셀러 & 명리코칭

사주명리 · 타로 · 진로적성 상담 &교육과 강의

명리학과 타로를 통해 타고난 기질과 삶의 흐름을 읽습니다.

내가 어떤 사람인지
지금 어떤 흐름 속에 있는지
앞으로 어떤 선택이 맞는지
사주와 타로를 통해 삶의 방향을 함께 찾아드립니다.

진로 고민 · 인간관계 · 인생 방향 상담
명리학 · 타로 강의 진행
상담 및 수업 문의
010-6679-2033

#분당사주명리학교육 
#제인진로적성명리코칭센터 
#제인사주아카데미 
#제인라이프카운셀러 
#제인타로아카데미",프로필 링크/상담 | 팔로우,중,집/지갑/방향 개운 시리즈,"집/지갑/방향 개운 시리즈로 주 3~5회 반복. 같은 구조에서 날짜, 띠, 일간, 상황 키워드만 바꿔 발행.","너는 사주 숏폼 기획자다. 입력한 후킹 문구를 기준으로 20~30초 릴스 대본을 만든다. 첫 문장은 단정하고 강하게, 중간은 조건/띠/상황 리스트, 끝은 저장/댓글/팔로우 CTA로 마무리하라.",‎사주공부 순서 م_اد 1 이론 2 임상 天 3 직관력 五 干 地 支 뭘 년 陰 陽 甲 일 2 丙 丁 午…,VidIQ 앱은 로그인 필요. 본 행은 인스타 공개 릴스 그리드 최근 12개 안팎과 대표 릴스 상세 메타 기준.,"1. 191 | https://www.instagram.com/jane_life_counselor/reel/DYtnCYNA6x1/
2. 293 | https://www.instagram.com/jane_life_counselor/reel/DYgwB7WOdVc/
3. 287 | https://www.instagram.com/jane_life_counselor/reel/DYHJCTQOVl3/
4. 322 | https://www.instagram.com/jane_life_counselor/reel/DXO6VctgDHZ/
5. 362 | https://www.instagram.com/jane_life_counselor/reel/DWbT9zHAMMx/
6. 547 | https://www.instagram.com/jane_life_counselor/reel/DV7zOdDDjgZ/
7. 578 | https://www.instagram.com/jane_life_counselor/reel/DV5SPDsDsCW/
8. 591 | https://www.instagram.com/jane_life_counselor/reel/DV0sXkFAMvZ/
9. 859 | https://www.instagram.com/jane_life_counselor/reel/DVxi-2SDrTW/
10. 231 | https://www.instagram.com/jane_life_counselor/reel/DVpmchEAK2s/
11. 283 | https://www.instagram.com/jane_life_counselor/reel/DVnmL-UgAAG/
12. 312 | https://www.instagram.com/jane_life_counselor/reel/DVk4WrTDmMA/"
2026-06-03,@hello_bomki,"@hello_bomki
헬로봄키 HELLO DAILY",https://www.instagram.com/hello_bomki/reels/,profile_ok,18,1240,923,4077,332,https://www.instagram.com/hello_bomki/reel/DX76NInzjbG/,"hello_bomki - May 4, 2026",66,452,비사주/참고만,비사주 바이럴/테스트형,댓글 키워드 유도 + DM 자동응답 전환,"첫 화면에 큰 운세 문구를 두고, 본문은 짧은 리스트 자막과 캡션 긴 풀이로 전환.",잠 잠안오는거 진짜 지긋지긋하네... 잔잔이가 진짜 은인(?) 보조템!!!!!! 잔잔이가 뭐냐면요 리포좀 포좀 멜라토닌 이에요. 흡수 빠릿빠릿,"66 likes, 452 comments - hello_bomki - May 4, 2026: ""제가 DM으로 누누히 얘기를 드렸었는데
Boo Ggi가 빠지니까 다시 돌아온다고...뭐가요?
8 JA 주름이요.헿.🥲

그래서 또 다녀왔어요.......
40 넘으면 할게 많구나^^ 님히럴

상담 받을때에도 느낌이 좋았는데
다 하고 난 뒤에도 과하지 않게 자연스러움을 추구하는
저의 취향을 딱! 맞춰서 선생님께서 잘 해주셨어요👍🏻

거기에다가 감사하게도 저번 영상 조회수 터져서
말도 안되는 자신감 붙어서 저번 Si술땐 얘기도 못 꺼냈던
영업 자신감 뿜뿜해서 왕대박 할인 이벤트까지
제가 받아왔습니다!!!!!!!!!

이건 진짜 말도 안되는 가격인디.....😎
여튼 이번 영업은 좀 나새끼 칭찬할만 한 것 같아요.

궁금하시면 댓글 남겨주세요.
저번 개고생을 다신 상상하고 싶지 않아서
자동DM 설정 단디 해놨어요!!🥸

역시 땡기는것도 좋은데 채우는게 확실히
좀 더 도움이 되는 것 같기는해요.
아, 그리고 전 이번에도 별로 안아팠어요ㅎ
멍도 입 바로 옆에만 살짝?

진짜 체질인가 싶네요 이정도면....😂
⠀
⠀
#리프팅 #팔자주름
⠀",댓글 키워드 | DM 자동응답 | 프로필 링크/상담 | 팔로우,낮음,참여형 테스트 포맷 참고,"참여형 테스트 포맷 참고로 주 3~5회 반복. 같은 구조에서 날짜, 띠, 일간, 상황 키워드만 바꿔 발행.","너는 사주 인스타 릴스 기획자다. 사용자가 입력한 테스트형 후킹을 사주/운세 주제로 바꿔라. 구성은 1) 첫 화면 질문 2) 선택지/조건 3) 결과 3가지 4) 댓글 키워드 CTA 5) 상담 전환 문구. 비사주 소재는 그대로 쓰지 말고 사주, 띠, 일간, 재물운, 연애운 중 하나로 치환하라.",잠 잠안오는거 진짜 지긋지긋하네... 잔잔이가 진짜 은인(?) 보조템!!!!!! 잔잔이가 뭐냐면요 리포좀…,VidIQ 앱은 로그인 필요. 본 행은 인스타 공개 릴스 그리드 최근 12개 안팎과 대표 릴스 상세 메타 기준.,"1. 976 | https://www.instagram.com/hello_bomki/reel/DY-EHU3zXs2/
2. 2,120 | https://www.instagram.com/hello_bomki/reel/DY4UC1KTXCb/
3. 1,275 | https://www.instagram.com/hello_bomki/reel/DYkHcSvzx2J/
4. 458 | https://www.instagram.com/hello_bomki/reel/DYQ1LGpyWhJ/
5. 651 | https://www.instagram.com/hello_bomki/reel/DYKMrjoTXXJ/
6. 617 | https://www.instagram.com/hello_bomki/reel/DYE1FSkRPvh/
7. 817 | https://www.instagram.com/hello_bomki/reel/DX_Z4ZzRtQD/
8. 4,077 | https://www.instagram.com/hello_bomki/reel/DX76NInzjbG/
9. 679 | https://www.instagram.com/hello_bomki/reel/DX66WuWxy5m/
10. 652 | https://www.instagram.com/hello_bomki/reel/DXrPdwzkWz2/
11. 1,050 | https://www.instagram.com/hello_bomki/reel/DXlRUSWkbdL/
12. 332 | https://www.instagram.com/hello_bomki/reel/DXelN3wEV0S/"
